encoder,stream,corpus,query_class,neighbour_class,count,share_of_top5
remoteclip_b32,object,clean,basketball_court,tennis_court,29,0.00172
remoteclip_b32,object,clean,tennis_court,vehicle,18,0.00107
remoteclip_b32,object,clean,tennis_court,basketball_court,15,0.00089
remoteclip_b32,object,clean,vehicle,ship,13,0.00077
remoteclip_b32,object,clean,baseball_diamond,vehicle,6,0.00036
remoteclip_b32,object,clean,ship,harbor,6,0.00036
remoteclip_b32,object,clean,airplane,vehicle,3,0.00018
remoteclip_b32,object,clean,ship,vehicle,2,0.00012
remoteclip_b32,object,clean,tennis_court,airplane,2,0.00012
remoteclip_b32,object,clean,basketball_court,baseball_diamond,2,0.00012
remoteclip_b32,object,jitter,basketball_court,tennis_court,56,0.00332
remoteclip_b32,object,jitter,ship,vehicle,32,0.0019
remoteclip_b32,object,jitter,tennis_court,vehicle,25,0.00148
remoteclip_b32,object,jitter,vehicle,ship,17,0.00101
remoteclip_b32,object,jitter,storage_tank,vehicle,16,0.00095
remoteclip_b32,object,jitter,tennis_court,basketball_court,14,0.00083
remoteclip_b32,object,jitter,ship,harbor,14,0.00083
remoteclip_b32,object,jitter,baseball_diamond,vehicle,10,0.00059
remoteclip_b32,object,jitter,airplane,storage_tank,7,0.00042
remoteclip_b32,object,jitter,basketball_court,bridge,7,0.00042
remoteclip_b32,context,clean,basketball_court,tennis_court,111,0.00658
remoteclip_b32,context,clean,tennis_court,basketball_court,78,0.00462
remoteclip_b32,context,clean,basketball_court,baseball_diamond,43,0.00255
remoteclip_b32,context,clean,baseball_diamond,ground_track_field,40,0.00237
remoteclip_b32,context,clean,baseball_diamond,basketball_court,23,0.00136
remoteclip_b32,context,clean,ground_track_field,baseball_diamond,23,0.00136
remoteclip_b32,context,clean,ship,storage_tank,16,0.00095
remoteclip_b32,context,clean,tennis_court,baseball_diamond,15,0.00089
remoteclip_b32,context,clean,storage_tank,vehicle,7,0.00042
remoteclip_b32,context,clean,baseball_diamond,tennis_court,7,0.00042
remoteclip_b32,context,jitter,baseball_diamond,ground_track_field,135,0.008
remoteclip_b32,context,jitter,tennis_court,basketball_court,127,0.00753
remoteclip_b32,context,jitter,basketball_court,tennis_court,106,0.00629
remoteclip_b32,context,jitter,basketball_court,baseball_diamond,57,0.00338
remoteclip_b32,context,jitter,tennis_court,baseball_diamond,46,0.00273
remoteclip_b32,context,jitter,storage_tank,ship,40,0.00237
remoteclip_b32,context,jitter,ground_track_field,baseball_diamond,30,0.00178
remoteclip_b32,context,jitter,baseball_diamond,basketball_court,28,0.00166
remoteclip_b32,context,jitter,baseball_diamond,tennis_court,19,0.00113
remoteclip_b32,context,jitter,storage_tank,airplane,13,0.00077
remoteclip_l14,object,clean,basketball_court,tennis_court,11,0.00065
remoteclip_l14,object,clean,vehicle,ship,11,0.00065
remoteclip_l14,object,clean,ship,vehicle,7,0.00042
remoteclip_l14,object,clean,tennis_court,vehicle,7,0.00042
remoteclip_l14,object,clean,tennis_court,basketball_court,2,0.00012
remoteclip_l14,object,clean,bridge,harbor,2,0.00012
remoteclip_l14,object,clean,baseball_diamond,tennis_court,2,0.00012
remoteclip_l14,object,clean,tennis_court,ship,1,6e-05
remoteclip_l14,object,clean,ship,harbor,1,6e-05
remoteclip_l14,object,clean,ship,tennis_court,1,6e-05
remoteclip_l14,object,jitter,ship,vehicle,28,0.00166
remoteclip_l14,object,jitter,basketball_court,tennis_court,23,0.00136
remoteclip_l14,object,jitter,tennis_court,basketball_court,9,0.00053
remoteclip_l14,object,jitter,vehicle,storage_tank,9,0.00053
remoteclip_l14,object,jitter,tennis_court,vehicle,8,0.00047
remoteclip_l14,object,jitter,vehicle,ship,5,0.0003
remoteclip_l14,object,jitter,baseball_diamond,basketball_court,4,0.00024
remoteclip_l14,object,jitter,airplane,storage_tank,3,0.00018
remoteclip_l14,object,jitter,baseball_diamond,storage_tank,3,0.00018
remoteclip_l14,object,jitter,ship,harbor,3,0.00018
remoteclip_l14,context,clean,basketball_court,tennis_court,136,0.00806
remoteclip_l14,context,clean,tennis_court,basketball_court,103,0.00611
remoteclip_l14,context,clean,ground_track_field,baseball_diamond,50,0.00296
remoteclip_l14,context,clean,basketball_court,baseball_diamond,43,0.00255
remoteclip_l14,context,clean,baseball_diamond,basketball_court,34,0.00202
remoteclip_l14,context,clean,baseball_diamond,ground_track_field,32,0.0019
remoteclip_l14,context,clean,baseball_diamond,tennis_court,27,0.0016
remoteclip_l14,context,clean,ship,storage_tank,23,0.00136
remoteclip_l14,context,clean,tennis_court,baseball_diamond,13,0.00077
remoteclip_l14,context,clean,storage_tank,ship,9,0.00053
remoteclip_l14,context,jitter,basketball_court,tennis_court,128,0.00759
remoteclip_l14,context,jitter,tennis_court,basketball_court,122,0.00723
remoteclip_l14,context,jitter,baseball_diamond,ground_track_field,105,0.00623
remoteclip_l14,context,jitter,basketball_court,baseball_diamond,57,0.00338
remoteclip_l14,context,jitter,ground_track_field,baseball_diamond,56,0.00332
remoteclip_l14,context,jitter,storage_tank,ship,37,0.00219
remoteclip_l14,context,jitter,baseball_diamond,basketball_court,35,0.00208
remoteclip_l14,context,jitter,baseball_diamond,tennis_court,34,0.00202
remoteclip_l14,context,jitter,tennis_court,baseball_diamond,33,0.00196
remoteclip_l14,context,jitter,ship,storage_tank,18,0.00107
openclip_b32,object,clean,basketball_court,tennis_court,79,0.00468
openclip_b32,object,clean,baseball_diamond,storage_tank,30,0.00178
openclip_b32,object,clean,vehicle,storage_tank,27,0.0016
openclip_b32,object,clean,ship,vehicle,20,0.00119
openclip_b32,object,clean,tennis_court,basketball_court,19,0.00113
openclip_b32,object,clean,tennis_court,vehicle,12,0.00071
openclip_b32,object,clean,ship,harbor,12,0.00071
openclip_b32,object,clean,baseball_diamond,tennis_court,11,0.00065
openclip_b32,object,clean,airplane,tennis_court,8,0.00047
openclip_b32,object,clean,harbor,airplane,8,0.00047
openclip_b32,object,jitter,basketball_court,tennis_court,113,0.0067
openclip_b32,object,jitter,ship,vehicle,46,0.00273
openclip_b32,object,jitter,storage_tank,vehicle,41,0.00243
openclip_b32,object,jitter,baseball_diamond,storage_tank,35,0.00208
openclip_b32,object,jitter,vehicle,storage_tank,26,0.00154
openclip_b32,object,jitter,tennis_court,basketball_court,24,0.00142
openclip_b32,object,jitter,baseball_diamond,tennis_court,20,0.00119
openclip_b32,object,jitter,harbor,tennis_court,19,0.00113
openclip_b32,object,jitter,airplane,storage_tank,16,0.00095
openclip_b32,object,jitter,storage_tank,baseball_diamond,12,0.00071
openclip_b32,context,clean,basketball_court,tennis_court,256,0.01518
openclip_b32,context,clean,tennis_court,basketball_court,185,0.01097
openclip_b32,context,clean,ground_track_field,baseball_diamond,150,0.00889
openclip_b32,context,clean,baseball_diamond,ground_track_field,112,0.00664
openclip_b32,context,clean,tennis_court,baseball_diamond,79,0.00468
openclip_b32,context,clean,basketball_court,baseball_diamond,69,0.00409
openclip_b32,context,clean,baseball_diamond,basketball_court,52,0.00308
openclip_b32,context,clean,baseball_diamond,tennis_court,43,0.00255
openclip_b32,context,clean,ship,storage_tank,41,0.00243
openclip_b32,context,clean,harbor,ship,25,0.00148
openclip_b32,context,jitter,basketball_court,tennis_court,238,0.01411
openclip_b32,context,jitter,tennis_court,basketball_court,235,0.01393
openclip_b32,context,jitter,baseball_diamond,ground_track_field,200,0.01186
openclip_b32,context,jitter,ground_track_field,baseball_diamond,147,0.00872
openclip_b32,context,jitter,tennis_court,baseball_diamond,102,0.00605
openclip_b32,context,jitter,basketball_court,baseball_diamond,87,0.00516
openclip_b32,context,jitter,baseball_diamond,basketball_court,54,0.0032
openclip_b32,context,jitter,baseball_diamond,tennis_court,47,0.00279
openclip_b32,context,jitter,ship,storage_tank,47,0.00279
openclip_b32,context,jitter,tennis_court,ground_track_field,31,0.00184
dinov2_b14,object,clean,basketball_court,tennis_court,73,0.00433
dinov2_b14,object,clean,tennis_court,basketball_court,34,0.00202
dinov2_b14,object,clean,ship,harbor,15,0.00089
dinov2_b14,object,clean,ship,bridge,11,0.00065
dinov2_b14,object,clean,basketball_court,baseball_diamond,10,0.00059
dinov2_b14,object,clean,vehicle,ship,8,0.00047
dinov2_b14,object,clean,bridge,ground_track_field,7,0.00042
dinov2_b14,object,clean,bridge,baseball_diamond,7,0.00042
dinov2_b14,object,clean,ship,vehicle,6,0.00036
dinov2_b14,object,clean,vehicle,storage_tank,5,0.0003
dinov2_b14,object,jitter,basketball_court,tennis_court,76,0.00451
dinov2_b14,object,jitter,tennis_court,basketball_court,69,0.00409
dinov2_b14,object,jitter,storage_tank,baseball_diamond,41,0.00243
dinov2_b14,object,jitter,baseball_diamond,ground_track_field,23,0.00136
dinov2_b14,object,jitter,ship,bridge,23,0.00136
dinov2_b14,object,jitter,storage_tank,basketball_court,21,0.00125
dinov2_b14,object,jitter,ship,harbor,21,0.00125
dinov2_b14,object,jitter,tennis_court,ground_track_field,11,0.00065
dinov2_b14,object,jitter,vehicle,storage_tank,10,0.00059
dinov2_b14,object,jitter,basketball_court,baseball_diamond,9,0.00053
dinov2_b14,context,clean,tennis_court,basketball_court,247,0.01465
dinov2_b14,context,clean,basketball_court,tennis_court,244,0.01447
dinov2_b14,context,clean,tennis_court,baseball_diamond,202,0.01198
dinov2_b14,context,clean,baseball_diamond,ground_track_field,187,0.01109
dinov2_b14,context,clean,ground_track_field,baseball_diamond,175,0.01038
dinov2_b14,context,clean,basketball_court,baseball_diamond,101,0.00599
dinov2_b14,context,clean,baseball_diamond,tennis_court,95,0.00563
dinov2_b14,context,clean,tennis_court,ground_track_field,61,0.00362
dinov2_b14,context,clean,ship,storage_tank,51,0.00302
dinov2_b14,context,clean,baseball_diamond,basketball_court,50,0.00296
dinov2_b14,context,jitter,baseball_diamond,ground_track_field,247,0.01465
dinov2_b14,context,jitter,tennis_court,baseball_diamond,246,0.01459
dinov2_b14,context,jitter,tennis_court,basketball_court,241,0.01429
dinov2_b14,context,jitter,basketball_court,tennis_court,235,0.01393
dinov2_b14,context,jitter,ground_track_field,baseball_diamond,176,0.01044
dinov2_b14,context,jitter,basketball_court,baseball_diamond,116,0.00688
dinov2_b14,context,jitter,tennis_court,ground_track_field,103,0.00611
dinov2_b14,context,jitter,baseball_diamond,tennis_court,97,0.00575
dinov2_b14,context,jitter,baseball_diamond,basketball_court,50,0.00296
dinov2_b14,context,jitter,storage_tank,ship,47,0.00279
