image_uid,mean_r,mean_g,mean_b,mean_r_minus_g,p99_r_minus_g,frac_r_minus_g_gt30,sensor
nwpu_background_001,102.24027252197266,100.36917877197266,87.71683502197266,1.87109375,10.0,0.0,rgb
nwpu_background_003,117.73212432861328,112.26834869384766,102.8470458984375,5.4637770652771,23.0,0.001075268817204301,rgb
nwpu_background_004,111.19011688232422,105.22403717041016,93.58028411865234,5.9660797119140625,27.010000228881836,0.0039204545454545455,rgb
nwpu_background_006,92.6590347290039,94.07078552246094,78.78539276123047,-1.411752700805664,12.0,0.0,rgb
nwpu_background_007,104.57853698730469,104.50391387939453,87.78800201416016,0.07462121546268463,8.0,0.0002525252525252525,rgb
nwpu_background_009,75.02437591552734,76.39875030517578,61.511112213134766,-1.3743749856948853,11.0,0.0,rgb
nwpu_background_010,54.29648208618164,57.30934524536133,44.344600677490234,-3.012864112854004,7.0,0.0,rgb
nwpu_background_011,82.84329986572266,85.02359008789062,74.27973175048828,-2.180292844772339,9.0,0.0,rgb
nwpu_background_012,82.13786315917969,84.39105987548828,74.3122787475586,-2.25319766998291,13.0,0.0,rgb
nwpu_background_013,119.97663879394531,123.68802642822266,110.40540313720703,-3.7113876342773438,12.0,0.0,rgb
nwpu_background_015,61.246788024902344,65.70999145507812,55.48387908935547,-4.46320104598999,7.0,0.0,rgb
nwpu_background_016,62.741050720214844,68.25019836425781,55.52579879760742,-5.50915002822876,6.0,0.0,rgb
nwpu_background_017,55.868873596191406,60.39643859863281,48.75718688964844,-4.527562618255615,6.0,0.0,rgb
nwpu_background_018,54.36275863647461,58.48020935058594,46.5576171875,-4.117447853088379,7.0,0.0,rgb
nwpu_background_019,73.5483169555664,77.03461456298828,64.3772201538086,-3.486298084259033,8.0,0.0,rgb
nwpu_background_020,71.38111877441406,73.59297943115234,63.487369537353516,-2.21185564994812,9.0,6.443298969072165e-05,rgb
nwpu_background_021,70.85591125488281,73.88249206542969,65.6667251586914,-3.026576519012451,9.0,0.0,rgb
nwpu_background_022,67.30452728271484,69.74285888671875,58.75958251953125,-2.43833327293396,25.0,0.0026785714285714286,rgb
nwpu_background_024,72.39058685302734,66.26179504394531,53.939186096191406,6.1287922859191895,18.0,7.02247191011236e-05,rgb
nwpu_background_027,101.57267761230469,88.95059204101562,72.43856811523438,12.62208366394043,34.0,0.034583333333333334,rgb
nwpu_background_028,76.01502227783203,72.91857147216797,60.63449478149414,3.096454381942749,25.0,0.0001201923076923077,rgb
nwpu_background_029,67.37945556640625,70.03570556640625,58.812713623046875,-2.65625,12.0,0.0,rgb
nwpu_background_030,58.31138610839844,64.86974334716797,55.74436950683594,-6.558353900909424,4.0,0.0,rgb
nwpu_background_031,41.70496368408203,46.003211975097656,35.021202087402344,-4.298247814178467,4.0,0.0,rgb
nwpu_background_032,67.05448150634766,72.13851928710938,57.42540740966797,-5.084035396575928,10.0,0.0,rgb
nwpu_background_034,42.72930145263672,47.66774368286133,34.63676071166992,-4.938440799713135,4.0,0.0,rgb
nwpu_background_035,64.2724380493164,59.26968765258789,47.83568572998047,5.002749919891357,18.0,0.0010625,rgb
nwpu_background_036,68.98909759521484,71.70905303955078,57.80944061279297,-2.719961643218994,16.0,0.0,rgb
nwpu_background_038,57.929473876953125,60.69315719604492,46.69368362426758,-2.7636842727661133,32.0,0.011513157894736841,rgb
nwpu_background_039,74.424560546875,74.94324493408203,58.71407699584961,-0.5186868906021118,15.0,0.0,rgb
nwpu_background_040,104.71232604980469,112.57688903808594,114.36387634277344,-7.864564418792725,7.0,0.0,rgb
nwpu_background_042,46.305904388427734,61.18805694580078,59.90229034423828,-14.882152557373047,-7.0,0.0,rgb
nwpu_background_043,58.04497146606445,69.59654998779297,70.32658386230469,-11.551580429077148,-4.0,0.0004310344827586207,rgb
nwpu_background_044,113.6586685180664,128.74734497070312,132.23593139648438,-15.088671684265137,17.0,0.0,rgb
nwpu_background_045,70.67974853515625,86.75474548339844,81.0704116821289,-16.075000762939453,41.0,0.04248417721518987,rgb
nwpu_background_046,55.2337760925293,53.574180603027344,40.52922821044922,1.6595959663391113,14.0,0.0,rgb
nwpu_background_047,66.91099548339844,95.14762878417969,88.88575744628906,-28.236629486083984,1.0,7.911392405063291e-05,rgb
nwpu_background_048,52.274383544921875,73.5129623413086,68.41234588623047,-21.23858070373535,-3.0,0.0,rgb
nwpu_background_049,75.2661361694336,94.93148803710938,85.5654296875,-19.665348052978516,2.0,0.0,rgb
nwpu_background_050,55.960655212402344,78.40283966064453,78.0014877319336,-22.442188262939453,-2.0,0.0,rgb
nwpu_background_051,81.07765197753906,91.20298767089844,86.76141357421875,-10.12533950805664,11.0,0.0,rgb
nwpu_background_052,130.16297912597656,129.29006958007812,125.96353912353516,0.8729166388511658,19.0,0.0013621794871794871,rgb
nwpu_background_053,45.35186004638672,47.13484191894531,41.393218994140625,-1.7829787731170654,18.0,0.0005984042553191489,rgb
nwpu_background_054,98.23779296875,88.96147918701172,77.2912826538086,9.276308059692383,18.0,0.0,rgb
nwpu_background_056,71.01067352294922,67.63363647460938,61.68272399902344,3.3770365715026855,16.0,0.0006320224719101123,rgb
nwpu_background_057,87.73688507080078,81.88152313232422,70.16654968261719,5.8553571701049805,18.0,0.0,rgb
nwpu_background_058,51.3414421081543,47.214508056640625,39.4422607421875,4.12693452835083,14.0,0.0,rgb
nwpu_background_059,66.41211700439453,62.6043815612793,54.191429138183594,3.807731866836548,13.0,0.0,rgb
nwpu_background_060,92.1991958618164,89.33675384521484,78.62617492675781,2.862438201904297,12.0,0.0,rgb
nwpu_background_061,101.4904556274414,105.2206039428711,92.16709899902344,-3.7301511764526367,12.0,6.868131868131868e-05,rgb
nwpu_background_062,96.61359405517578,102.16939544677734,88.32164764404297,-5.5557990074157715,10.0,0.0002577319587628866,rgb
nwpu_background_063,81.76104736328125,80.32711029052734,69.78466796875,1.433938980102539,11.0,0.0,rgb
nwpu_background_064,92.7347183227539,95.40396118164062,83.30216217041016,-2.6692450046539307,11.0,6.188118811881188e-05,rgb
nwpu_background_065,92.92134857177734,94.56390380859375,84.82254028320312,-1.6425561904907227,34.0,0.012148876404494382,rgb
nwpu_background_066,48.042144775390625,54.7280387878418,43.76399230957031,-6.68589448928833,5.0,0.0,rgb
nwpu_background_069,85.2899169921875,87.80949401855469,88.01875305175781,-2.519575357437134,17.0,0.0011792452830188679,rgb
nwpu_background_070,37.60403060913086,49.74275588989258,34.75525665283203,-12.138726234436035,1.0,0.0,rgb
nwpu_background_071,71.96044158935547,79.15970611572266,59.41316604614258,-7.199268817901611,15.0,0.0,rgb
nwpu_background_072,53.08535385131836,57.484092712402344,46.87607192993164,-4.39873743057251,11.0,0.00012626262626262626,rgb
nwpu_background_073,72.6037368774414,79.47453308105469,63.717288970947266,-6.870794296264648,10.0,0.00017523364485981307,rgb
nwpu_background_074,102.1892318725586,104.19171142578125,97.406005859375,-2.0024752616882324,7.0,0.0,rgb
nwpu_background_075,57.28419876098633,68.4386215209961,48.841644287109375,-11.154423713684082,15.609999656677246,0.0,rgb
nwpu_background_076,50.138519287109375,55.852760314941406,43.39127731323242,-5.714244365692139,10.0,0.0,rgb
nwpu_background_079,79.58158111572266,82.69720458984375,74.74201965332031,-3.1156249046325684,12.0,0.0014627659574468085,rgb
nwpu_background_080,65.60480499267578,73.09803009033203,57.74289321899414,-7.493223667144775,11.0,0.0,rgb
nwpu_background_081,61.709590911865234,66.74950408935547,56.716461181640625,-5.039913177490234,7.0,0.00018564356435643565,rgb
nwpu_background_082,95.97512817382812,98.1324462890625,89.04374694824219,-2.157323122024536,7.0,0.0,rgb
nwpu_background_084,68.1595687866211,73.3638687133789,61.46165466308594,-5.204297065734863,6.0,0.0,rgb
nwpu_background_085,71.9378890991211,66.78988647460938,68.21965026855469,5.148002624511719,25.0,0.003092783505154639,rgb
nwpu_background_086,92.04114532470703,91.42161560058594,74.05084991455078,0.6195312738418579,13.0,0.0,rgb
nwpu_background_087,71.83663940429688,75.6747817993164,61.014225006103516,-3.838146448135376,11.0,0.0,rgb
nwpu_background_088,61.30038833618164,65.60979461669922,51.41301727294922,-4.3094072341918945,8.0,0.0,rgb
nwpu_background_089,54.00273513793945,61.55091094970703,47.66939926147461,-7.548177242279053,4.0,0.0,rgb
nwpu_background_091,41.83422088623047,48.428218841552734,38.92271041870117,-6.593997478485107,8.0,0.0,rgb
nwpu_background_092,55.49917221069336,61.29018020629883,52.75567626953125,-5.7910075187683105,6.0,0.0,rgb
nwpu_background_094,54.700218200683594,62.418460845947266,48.790260314941406,-7.718241214752197,8.0,0.0,rgb
nwpu_background_095,73.40258026123047,76.4212646484375,67.2646255493164,-3.0186855792999268,9.0,0.0,rgb
nwpu_background_096,54.86700439453125,66.0416030883789,46.830108642578125,-11.174596786499023,22.0,0.00114247311827957,rgb
nwpu_background_097,82.77035522460938,85.25984191894531,75.95339965820312,-2.4894802570343018,12.0,6.188118811881188e-05,rgb
nwpu_background_098,77.5998764038086,80.60894775390625,72.4210205078125,-3.009068727493286,10.0,0.0001838235294117647,rgb
nwpu_background_099,61.639434814453125,65.30992126464844,52.42912292480469,-3.67048978805542,6.0,6.443298969072165e-05,rgb
nwpu_background_100,48.10107421875,59.27083206176758,44.01740646362305,-11.169757843017578,6.0,0.0,rgb
nwpu_background_101,50.53186798095703,58.13413619995117,49.205562591552734,-7.602266311645508,1.0,0.0,rgb
nwpu_background_102,71.60006713867188,75.30854797363281,60.27429962158203,-3.708482027053833,15.0,0.0,rgb
nwpu_background_103,34.392051696777344,45.20115661621094,30.89836883544922,-10.809103012084961,2.809999942779541,0.0,rgb
nwpu_background_105,41.98247146606445,53.554595947265625,42.73613357543945,-11.572126388549805,5.0,0.0,rgb
nwpu_background_106,58.058555603027344,64.63367462158203,52.64921188354492,-6.5751214027404785,9.0,0.0,rgb
nwpu_background_107,107.47750091552734,112.37894439697266,104.95526123046875,-4.901447296142578,15.0,0.0015131578947368421,rgb
nwpu_background_108,47.737701416015625,57.608062744140625,41.99919509887695,-9.870363235473633,11.0,0.0,rgb
nwpu_background_109,63.20912551879883,66.58319091796875,51.26531219482422,-3.3740625381469727,13.0,0.0,rgb
nwpu_background_110,62.88164520263672,76.71446990966797,52.20124816894531,-13.832828521728516,9.0,0.0,rgb
nwpu_background_111,63.73713684082031,65.12347412109375,51.375946044921875,-1.386337161064148,12.0,0.0,rgb
nwpu_background_112,48.67499923706055,58.30501174926758,39.93053436279297,-9.630013465881348,10.0,0.0,rgb
nwpu_background_113,58.749298095703125,64.12879180908203,51.50891876220703,-5.3794941902160645,8.0,0.0,rgb
nwpu_background_114,75.7260513305664,83.90013885498047,67.59725952148438,-8.174087524414062,10.0,0.0008426966292134832,rgb
nwpu_background_115,87.75826263427734,96.02320098876953,69.35481262207031,-8.264942169189453,5.0,0.0,rgb
nwpu_background_116,86.10660552978516,88.0470199584961,58.20838165283203,-1.940411925315857,9.0,0.0,rgb
nwpu_background_117,98.64361572265625,105.9646987915039,77.76194763183594,-7.321084976196289,7.0,0.0,rgb
nwpu_background_118,79.60321807861328,84.24943542480469,75.55366516113281,-4.646212100982666,18.0,0.0011994949494949494,rgb
nwpu_background_120,80.38835144042969,89.53075408935547,62.50880813598633,-9.142400741577148,8.0,0.0,rgb
nwpu_background_121,69.1565933227539,80.6471176147461,57.77589416503906,-11.490522384643555,0.0,0.0,rgb
nwpu_background_122,73.9478530883789,81.26457977294922,66.61738586425781,-7.316731929779053,12.40999984741211,0.0009765625,rgb
nwpu_background_123,92.52921295166016,92.57071685791016,84.10203552246094,-0.041502807289361954,12.0,0.0,rgb
nwpu_background_125,49.44839859008789,52.71931076049805,52.615943908691406,-3.2709133625030518,14.0,0.0008012820512820513,rgb
nwpu_background_126,56.796470642089844,58.57536697387695,59.0724983215332,-1.7788970470428467,21.0,0.0036029411764705883,rgb
nwpu_background_127,23.726137161254883,26.577415466308594,29.488140106201172,-2.851278305053711,1.0,0.0,rgb
nwpu_background_128,75.47217559814453,78.48509979248047,74.1899642944336,-3.012920618057251,10.0,0.00042067307692307695,rgb
nwpu_background_129,39.45912170410156,54.684627532958984,36.12730026245117,-15.225502967834473,-1.0,0.0,rgb
nwpu_background_130,82.48963165283203,88.68437194824219,86.89771270751953,-6.1947407722473145,9.0,7.621951219512195e-05,rgb
nwpu_background_131,72.31961059570312,75.0997314453125,60.933509826660156,-2.7801196575164795,25.0,0.005851063829787234,rgb
nwpu_background_133,59.77873611450195,63.31216049194336,59.27934646606445,-3.533423900604248,16.0,0.0,rgb
nwpu_background_134,60.05631637573242,62.27002716064453,57.50188064575195,-2.213709592819214,25.0,0.0031586021505376344,rgb
nwpu_background_135,36.71344757080078,41.28049087524414,46.86256408691406,-4.56704568862915,14.0,0.0007575757575757576,rgb
nwpu_background_136,74.97712707519531,72.1734390258789,60.65856170654297,2.803687572479248,17.0,0.0001875,rgb
nwpu_background_137,74.14824676513672,71.80687713623047,60.31143569946289,2.3413751125335693,17.0,0.0,rgb
nwpu_background_138,62.660438537597656,68.82648468017578,56.67113494873047,-6.166043758392334,26.0,0.005219072164948453,rgb
nwpu_background_139,53.32726287841797,59.52535629272461,48.22119140625,-6.198095321655273,12.0,0.0,rgb
nwpu_background_140,53.542259216308594,69.99083709716797,45.42194747924805,-16.448579788208008,9.0,0.0,rgb
nwpu_background_141,78.49815368652344,77.00830841064453,68.23018646240234,1.489843726158142,20.0,0.001846590909090909,rgb
nwpu_background_142,91.63140106201172,91.4725341796875,85.72461700439453,0.15887345373630524,17.0,0.000925925925925926,rgb
nwpu_background_143,89.77350616455078,88.7767562866211,82.61042022705078,0.9967448115348816,32.0,0.0123046875,rgb
nwpu_background_145,107.5254898071289,105.95645904541016,100.93658447265625,1.5690308809280396,15.0,0.0009831460674157304,rgb
nwpu_background_146,111.18890380859375,106.26860809326172,95.984130859375,4.920294761657715,19.0,0.0,rgb
nwpu_background_147,96.09550476074219,92.5301284790039,84.3925552368164,3.5653791427612305,19.0,0.0002106741573033708,rgb
nwpu_background_148,81.97234344482422,83.92912292480469,77.29814147949219,-1.9567818641662598,16.0,0.002127659574468085,rgb
nwpu_background_149,85.0660629272461,81.19529724121094,74.13017272949219,3.8707661628723145,20.0,0.0,rgb
nwpu_background_150,111.71762084960938,100.40930938720703,94.87274169921875,11.308311462402344,22.0,0.0003324468085106383,rgb
nwpu_positive_002,102.81971740722656,98.83934020996094,82.07118225097656,3.980376720428467,16.0,0.00022977941176470588,rgb
nwpu_positive_003,121.6987075805664,117.24853515625,105.35508728027344,4.450172424316406,17.0,0.0003879310344827586,rgb
nwpu_positive_004,95.7444076538086,102.93860626220703,92.52616119384766,-7.194203853607178,3.0,0.00015120967741935485,rgb
nwpu_positive_005,97.92520141601562,98.32295227050781,81.0438003540039,-0.39774999022483826,5.0,0.0,rgb
nwpu_positive_006,90.30078125,96.55244445800781,86.2035140991211,-6.251660346984863,2.0,0.000146484375,rgb
nwpu_positive_007,89.3291015625,95.51754760742188,85.33930206298828,-6.188449859619141,3.0,0.00015,rgb
nwpu_positive_008,84.34030151367188,91.37239837646484,81.40534973144531,-7.032100200653076,4.0,0.0,rgb
nwpu_positive_009,106.75279998779297,114.12319946289062,101.09819793701172,-7.3703999519348145,2.0,0.0,rgb
nwpu_positive_010,150.15380859375,147.01280212402344,154.57037353515625,3.1410059928894043,20.0,0.0,rgb
nwpu_positive_011,156.59100341796875,154.88003540039062,163.92916870117188,1.7109756469726562,12.0,0.0,rgb
nwpu_positive_012,85.59785461425781,92.86856842041016,99.7957992553711,-7.270711898803711,6.0,0.0028284671532846717,rgb
nwpu_positive_013,180.47840881347656,189.29696655273438,190.76565551757812,-8.818560600280762,1.0,0.0006944444444444445,rgb
nwpu_positive_014,121.21397399902344,119.4925537109375,107.34501647949219,1.7214184999465942,16.0,0.0007724719101123596,rgb
nwpu_positive_015,169.7403106689453,169.05506896972656,164.2134552001953,0.6852477192878723,20.0,0.00022522522522522523,rgb
nwpu_positive_017,161.04678344726562,161.15158081054688,153.7921142578125,-0.10479798167943954,11.0,0.00012626262626262626,rgb
nwpu_positive_018,153.87486267089844,155.97532653808594,145.44654846191406,-2.10046648979187,10.0,0.00032649253731343285,rgb
nwpu_positive_021,178.8369903564453,176.7487030029297,173.39138793945312,2.0882883071899414,15.0,0.0,rgb
nwpu_positive_022,208.923828125,205.55914306640625,204.97084045410156,3.3646738529205322,13.0,0.0,rgb
nwpu_positive_023,116.14813232421875,122.1728515625,125.67816925048828,-6.024720191955566,5.0,0.0,rgb
nwpu_positive_024,195.6859588623047,192.28871154785156,191.419189453125,3.397258758544922,13.0,0.0,rgb
nwpu_positive_025,179.267578125,177.64796447753906,178.0441436767578,1.6196093559265137,18.0,0.000859375,rgb
nwpu_positive_027,148.70254516601562,151.09222412109375,143.35508728027344,-2.3896801471710205,9.0,0.0005087209302325581,rgb
nwpu_positive_029,158.90484619140625,160.06399536132812,160.5908966064453,-1.1591548919677734,6.0,0.000528169014084507,rgb
nwpu_positive_030,159.1444091796875,159.34619140625,159.23355102539062,-0.20177631080150604,10.0,0.00013157894736842105,rgb
nwpu_positive_031,154.7547149658203,148.6109619140625,156.3533477783203,6.143750190734863,27.0,0.001151315789473684,rgb
nwpu_positive_032,157.12069702148438,150.71429443359375,159.00953674316406,6.406406402587891,22.0,0.00015625,rgb
nwpu_positive_033,157.80050659179688,159.82579040527344,155.59799194335938,-2.025275230407715,10.0,0.0,rgb
nwpu_positive_034,116.48063659667969,122.68741607666016,127.4341812133789,-6.206774711608887,9.0,0.0,rgb
nwpu_positive_035,169.52845764160156,170.17910766601562,162.66783142089844,-0.6506510376930237,8.0,0.0,rgb
nwpu_positive_036,151.9864959716797,154.40130615234375,148.2298126220703,-2.414816379547119,6.0,0.0,rgb
nwpu_positive_037,149.8160858154297,153.51377868652344,147.74429321289062,-3.6976940631866455,3.0,0.0,rgb
nwpu_positive_038,130.28956604003906,134.68743896484375,133.00355529785156,-4.39787483215332,1.0,0.0,rgb
nwpu_positive_039,100.92301940917969,107.1329116821289,105.96690368652344,-6.209885120391846,0.0,0.0,rgb
nwpu_positive_040,156.8219451904297,153.47254943847656,162.78192138671875,3.349404811859131,13.0,0.0,rgb
nwpu_positive_041,157.1848907470703,152.90835571289062,161.1280517578125,4.276525974273682,12.0,0.0007994186046511628,rgb
nwpu_positive_042,158.8911895751953,152.65499877929688,159.9330596923828,6.23618745803833,27.0,0.00075,rgb
nwpu_positive_043,181.7666015625,189.5569305419922,189.83734130859375,-7.7903361320495605,10.0,0.0004201680672268908,rgb
nwpu_positive_044,160.52755737304688,166.4683074951172,164.44650268554688,-5.9407501220703125,13.0,6.25e-05,rgb
nwpu_positive_045,146.60406494140625,143.40789794921875,151.24411010742188,3.1961607933044434,21.0,0.0,rgb
nwpu_positive_046,112.9745864868164,117.72830200195312,105.10513305664062,-4.753714561462402,4.0,0.0,rgb
nwpu_positive_047,133.9869842529297,134.52499389648438,124.18653106689453,-0.5380154848098755,13.0,0.0014819587628865979,rgb
nwpu_positive_048,125.88153076171875,128.32371520996094,122.86079406738281,-2.442187547683716,7.0,0.0,rgb
nwpu_positive_050,172.25790405273438,160.63877868652344,148.96620178222656,11.619132995605469,22.0,6.377551020408164e-05,rgb
nwpu_positive_051,157.5829315185547,161.0533447265625,160.8282928466797,-3.4704253673553467,6.0,0.0,rgb
nwpu_positive_052,154.27618408203125,157.23092651367188,149.7185821533203,-2.9547414779663086,5.0,0.0,rgb
nwpu_positive_054,120.6500473022461,123.71662139892578,121.2391128540039,-3.0665719509124756,5.0,0.0,rgb
nwpu_positive_055,144.4810333251953,142.4058074951172,150.49317932128906,2.075221538543701,19.0,0.0,rgb
nwpu_positive_056,113.3108139038086,109.27336120605469,104.05164337158203,4.037454605102539,16.0,0.00013686131386861315,rgb
nwpu_positive_057,127.38542938232422,127.23831176757812,135.581298828125,0.1471223086118698,11.0,0.0,rgb
nwpu_positive_058,143.59939575195312,147.02529907226562,136.65487670898438,-3.425905227661133,9.0,0.00017241379310344826,rgb
nwpu_positive_059,142.80206298828125,138.13372802734375,135.99337768554688,4.668336391448975,14.0,0.001011029411764706,rgb
nwpu_positive_060,105.82620239257812,97.91326141357422,92.11075592041016,7.9129462242126465,22.0,0.00017857142857142857,rgb
nwpu_positive_061,89.71363067626953,98.34852600097656,90.6597900390625,-8.634891510009766,2.0,0.0,rgb
nwpu_positive_062,110.09803771972656,105.3066177368164,92.49803924560547,4.791423320770264,15.0,0.0005474452554744526,rgb
nwpu_positive_063,110.16973876953125,116.74104309082031,102.90619659423828,-6.5713019371032715,3.0,0.0,rgb
nwpu_positive_064,98.67599487304688,99.05133819580078,81.5451889038086,-0.37534722685813904,5.0,0.0,rgb
nwpu_positive_065,101.1584701538086,106.97010803222656,94.77595520019531,-5.811643123626709,5.0,0.0,rgb
nwpu_positive_066,93.23774719238281,98.98944854736328,87.44090270996094,-5.751699924468994,4.0,0.00015,rgb
nwpu_positive_067,105.4332504272461,114.03254699707031,102.30660247802734,-8.599300384521484,2.0,0.0,rgb
nwpu_positive_068,105.16390228271484,112.21095275878906,98.96029663085938,-7.0470499992370605,2.0,0.0,rgb
nwpu_positive_070,100.52137756347656,107.53482055664062,96.21954345703125,-7.013442516326904,3.0,0.0,rgb
nwpu_positive_071,103.1917495727539,110.87556457519531,99.3839111328125,-7.683811664581299,6.0,5.122950819672131e-05,rgb
nwpu_positive_072,101.72875213623047,110.1427993774414,100.44445037841797,-8.414050102233887,7.0,0.0,rgb
nwpu_positive_073,94.53480529785156,105.71991729736328,86.31047058105469,-11.185111999511719,9.0,0.0,rgb
nwpu_positive_074,116.62765502929688,112.42342376708984,100.45511627197266,4.204232215881348,18.0,0.0030511811023622047,rgb
nwpu_positive_075,153.4755096435547,149.78475952148438,157.00259399414062,3.6907520294189453,20.0,0.0,rgb
nwpu_positive_077,159.23455810546875,155.97642517089844,163.51046752929688,3.2581300735473633,12.0,0.0001016260162601626,rgb
nwpu_positive_078,137.08432006835938,135.86587524414062,143.62608337402344,1.218442678451538,25.0,0.002612704918032787,rgb
nwpu_positive_079,107.18447875976562,96.5609359741211,93.08255004882812,10.623541831970215,35.0,0.027135416666666665,rgb
nwpu_positive_080,126.22341918945312,126.35907745361328,132.88336181640625,-0.1356578916311264,11.0,6.578947368421052e-05,rgb
nwpu_positive_081,70.72422790527344,80.70207977294922,63.075416564941406,-9.97785758972168,21.0,0.0004166666666666667,rgb
nwpu_positive_082,76.29142761230469,81.93756103515625,66.61488342285156,-5.6461310386657715,12.0,0.0,rgb
nwpu_positive_083,106.42179107666016,105.18965911865234,85.88119506835938,1.2321261167526245,41.0,0.0227803738317757,rgb
nwpu_positive_084,108.22518157958984,105.07196807861328,94.56428527832031,3.1532142162323,37.0,0.01380952380952381,rgb
nwpu_positive_085,94.4847640991211,92.96690368652344,78.39732360839844,1.5178571939468384,29.0,0.007738095238095238,rgb
nwpu_positive_087,72.67595672607422,74.91365051269531,62.74336624145508,-2.2376914024353027,16.0,0.0,rgb
nwpu_positive_088,77.46272277832031,82.09456634521484,69.40714263916016,-4.631845474243164,13.0,0.0004464285714285714,rgb
nwpu_positive_089,108.76388549804688,114.42217254638672,108.8594970703125,-5.6582932472229,9.0,0.0002403846153846154,rgb
nwpu_positive_090,102.09910583496094,110.4551773071289,98.07160949707031,-8.356071472167969,8.0,0.0,rgb
nwpu_positive_091,91.23165130615234,93.29403686523438,84.47689056396484,-2.062385320663452,13.0,0.0,rgb
nwpu_positive_092,74.55428314208984,82.2853012084961,66.54595184326172,-7.731011867523193,23.0,0.0004761904761904762,rgb
nwpu_positive_093,72.41780090332031,78.70336151123047,64.07437133789062,-6.285556793212891,13.0,0.0004726890756302521,rgb
nwpu_positive_094,81.36598205566406,87.34993743896484,74.67169952392578,-5.983962059020996,19.0,0.0007075471698113207,rgb
nwpu_positive_096,87.90570831298828,92.40252685546875,79.265625,-4.496814727783203,15.0,0.0006610576923076923,rgb
nwpu_positive_097,83.61139678955078,91.93829345703125,74.26115417480469,-8.326899528503418,15.0,6.127450980392157e-05,rgb
nwpu_positive_098,83.25306701660156,89.1897964477539,71.6822509765625,-5.936733722686768,16.0,0.0,rgb
nwpu_positive_099,84.0512466430664,91.69571685791016,75.8691635131836,-7.644464492797852,16.0,5.9523809523809524e-05,rgb
nwpu_positive_100,168.45835876464844,166.3898468017578,156.4364776611328,2.068509578704834,31.0,0.010997596153846155,rgb
nwpu_positive_102,76.21821594238281,82.298583984375,66.63042449951172,-6.0803656578063965,20.0,0.0025943396226415093,rgb
nwpu_positive_103,79.07536315917969,84.87689208984375,68.24455261230469,-5.801526069641113,33.0,0.011119186046511628,rgb
nwpu_positive_104,81.7123794555664,85.77727508544922,71.59614562988281,-4.064894676208496,16.0,0.00046728971962616824,rgb
nwpu_positive_105,82.09711456298828,86.1774673461914,69.43930053710938,-4.080348491668701,16.0,0.0001201923076923077,rgb
nwpu_positive_106,85.7258529663086,89.81573486328125,74.84625244140625,-4.08988618850708,16.0,5.681818181818182e-05,rgb
nwpu_positive_107,65.546875,72.08384704589844,57.304954528808594,-6.536969184875488,21.0,0.0005896226415094339,rgb
nwpu_positive_108,64.14141082763672,72.3336410522461,54.07926559448242,-8.192231178283691,26.809999465942383,0.0040887850467289715,rgb
nwpu_positive_109,115.95904541015625,114.14142608642578,109.10416412353516,1.8176190853118896,22.0,0.0014285714285714286,rgb
nwpu_positive_110,69.73978424072266,72.43731689453125,65.07073211669922,-2.697535991668701,15.0,6.009615384615385e-05,rgb
nwpu_positive_111,169.42898559570312,168.08351135253906,159.19679260253906,1.3454761505126953,32.0,0.011785714285714287,rgb
nwpu_positive_112,64.02916717529297,71.70916748046875,55.39321517944336,-7.679999828338623,17.0,5.9523809523809524e-05,rgb
nwpu_positive_114,76.68903350830078,80.45294952392578,64.17010498046875,-3.7639150619506836,21.0,0.0,rgb
nwpu_positive_115,105.1097640991211,102.82166290283203,90.48565673828125,2.288095235824585,33.0,0.011369047619047619,rgb
nwpu_positive_116,74.29178619384766,77.5134506225586,59.64006042480469,-3.2216665744781494,26.0,0.006130952380952381,rgb
nwpu_positive_117,61.0787239074707,66.98775482177734,53.27714538574219,-5.909027576446533,16.0,6.313131313131313e-05,rgb
nwpu_positive_118,54.70130920410156,60.688926696777344,50.64118957519531,-5.987618923187256,17.0,0.0010119047619047618,rgb
nwpu_positive_119,58.49771499633789,64.01514434814453,54.72043228149414,-5.517427921295166,22.0,0.001201923076923077,rgb
nwpu_positive_121,70.81156921386719,73.66010284423828,65.52073669433594,-2.8485398292541504,14.0,0.00017523364485981307,rgb
nwpu_positive_123,45.586978912353516,52.72071838378906,39.6026611328125,-7.1337385177612305,53.0,0.0353587962962963,rgb
nwpu_positive_125,46.55925750732422,57.78643798828125,41.272640228271484,-11.227181434631348,12.0,5.89622641509434e-05,rgb
nwpu_positive_126,59.823246002197266,69.45677947998047,50.54906463623047,-9.633527755737305,19.0,0.004964953271028037,rgb
nwpu_positive_128,84.92388153076172,96.84580993652344,85.24728393554688,-11.921934127807617,14.0,0.004658018867924528,rgb
nwpu_positive_129,86.39440155029297,95.28125,83.74044799804688,-8.88685131072998,11.0,0.00029481132075471697,rgb
nwpu_positive_130,79.83744049072266,91.29045104980469,80.81786346435547,-11.453006744384766,10.0,0.0004716981132075472,rgb
nwpu_positive_131,87.402099609375,97.58697509765625,87.4312515258789,-10.184871673583984,11.0,0.00046728971962616824,rgb
nwpu_positive_132,121.42051696777344,126.42393493652344,111.74952697753906,-5.003419876098633,36.0,0.020931603773584904,rgb
nwpu_positive_133,86.2328109741211,86.87714385986328,75.10694122314453,-0.6443287134170532,42.0,0.029976851851851852,rgb
nwpu_positive_134,79.80399322509766,81.91243743896484,71.53595733642578,-2.108440637588501,30.0,0.009536082474226805,rgb
nwpu_positive_136,83.355224609375,84.55429077148438,74.8136215209961,-1.1990671157836914,33.0,0.01669776119402985,rgb
nwpu_positive_137,65.1214370727539,71.39112091064453,58.23037338256836,-6.269684791564941,21.0,0.0029789719626168226,rgb
nwpu_positive_138,62.17487335205078,68.94623565673828,54.413330078125,-6.771364688873291,24.0,0.0033801020408163267,rgb
nwpu_positive_140,76.74585723876953,76.41573333740234,65.91670989990234,0.33012640476226807,45.0,0.03314606741573034,rgb
nwpu_positive_141,69.36666870117188,72.32882690429688,60.04616928100586,-2.9621639251708984,13.0,0.0,rgb
nwpu_positive_142,76.28716278076172,77.50382995605469,65.4366226196289,-1.2166666984558105,41.0,0.021841397849462367,rgb
nwpu_positive_143,69.07839965820312,73.43173217773438,59.84035110473633,-4.353337287902832,8.0,0.00024271844660194174,rgb
nwpu_positive_144,73.23323822021484,76.77671813964844,64.2491683959961,-3.543473482131958,11.0,0.000165929203539823,rgb
nwpu_positive_145,75.34980773925781,78.2673110961914,69.11148834228516,-2.9175000190734863,14.0,0.0008653846153846154,rgb
nwpu_positive_146,68.37557220458984,75.85808563232422,63.7116813659668,-7.482516288757324,18.0,0.0,rgb
nwpu_positive_148,72.82356262207031,81.03755950927734,65.21624755859375,-8.21399974822998,14.0,6.25e-05,rgb
nwpu_positive_149,64.8934555053711,73.87642669677734,62.876426696777344,-8.982975959777832,11.0,5.9523809523809524e-05,rgb
nwpu_positive_150,68.74258422851562,75.24828338623047,60.641483306884766,-6.5056986808776855,9.0,0.00024509803921568627,rgb
nwpu_positive_151,73.74220275878906,79.11656951904297,65.22942352294922,-5.374368190765381,10.0,0.0018258426966292136,rgb
nwpu_positive_153,86.4281997680664,89.68806457519531,76.81456756591797,-3.2598657608032227,24.0,0.0010330578512396695,rgb
nwpu_positive_154,90.4266357421875,91.72607421875,82.18795776367188,-1.2994364500045776,17.0,0.0020491803278688526,rgb
nwpu_positive_155,59.8248176574707,63.85588073730469,52.43970489501953,-4.031065940856934,16.0,0.00012254901960784314,rgb
nwpu_positive_156,75.69437408447266,77.9199447631836,64.90062713623047,-2.2255682945251465,44.0,0.02772727272727273,rgb
nwpu_positive_157,65.7409896850586,70.28620147705078,61.14854049682617,-4.545210838317871,15.0,0.0016233766233766235,rgb
nwpu_positive_159,64.40595245361328,74.42560577392578,59.53493881225586,-10.0196533203125,5.0,0.00022590361445783133,rgb
nwpu_positive_160,79.81438446044922,82.81427001953125,74.10265350341797,-2.9998819828033447,17.0,0.0016509433962264152,rgb
nwpu_positive_161,90.05415344238281,92.87830352783203,83.74054718017578,-2.8241500854492188,14.0,0.0005,rgb
nwpu_positive_162,87.88249969482422,89.17279815673828,76.5038070678711,-1.2902976274490356,25.0,0.0066071428571428574,rgb
nwpu_positive_163,91.52701568603516,92.42375946044922,80.06172180175781,-0.8967447876930237,33.0,0.012630208333333334,rgb
nwpu_positive_164,86.53838348388672,87.400390625,76.2693862915039,-0.8620078563690186,39.0,0.022440944881889763,rgb
nwpu_positive_165,85.85521697998047,91.62019348144531,80.4279556274414,-5.764972686767578,10.0,0.0006181318681318681,rgb
nwpu_positive_166,80.87997436523438,82.48779296875,65.58096313476562,-1.607812523841858,16.0,0.0008101851851851852,rgb
nwpu_positive_167,87.16699981689453,87.95557403564453,69.9809341430664,-0.7885791659355164,29.0,0.009397482014388489,rgb
nwpu_positive_168,51.00603103637695,55.71535110473633,46.55910110473633,-4.709320068359375,6.0,5.482456140350877e-05,rgb
nwpu_positive_169,46.146629333496094,52.48805236816406,42.95716857910156,-6.341421604156494,9.0,0.0,rgb
nwpu_positive_170,91.34236907958984,92.20375061035156,83.8288803100586,-0.8613815903663635,10.0,0.0,rgb
nwpu_positive_171,79.20856475830078,80.39881134033203,87.17005920410156,-1.190250039100647,19.0,0.0019375,rgb
nwpu_positive_172,80.39205169677734,83.39920806884766,89.0591049194336,-3.007160186767578,19.0,0.0020024271844660195,rgb
nwpu_positive_173,124.21650695800781,122.10100555419922,117.73249053955078,2.1155056953430176,17.0,0.0007633587786259542,rgb
nwpu_positive_174,110.75437927246094,109.51953887939453,98.60574340820312,1.2348419427871704,19.0,0.001293103448275862,rgb
nwpu_positive_175,100.50882720947266,100.16194915771484,96.26954650878906,0.34687501192092896,19.0,0.0014705882352941176,rgb
nwpu_positive_176,89.10624694824219,92.4923095703125,76.7601547241211,-3.3860576152801514,17.0,0.002223557692307692,rgb
nwpu_positive_177,92.20931243896484,94.09693908691406,84.5392837524414,-1.8876276016235352,19.0,0.001211734693877551,rgb
nwpu_positive_178,90.74424743652344,92.01780700683594,84.05841064453125,-1.273561954498291,16.0,5.5309734513274336e-05,rgb
nwpu_positive_179,61.268924713134766,65.15116882324219,60.329322814941406,-3.8822429180145264,17.0,0.00011682242990654206,rgb
nwpu_positive_180,67.06707000732422,69.25787353515625,63.812679290771484,-2.190805196762085,28.0,0.001201923076923077,rgb
nwpu_positive_182,62.02293395996094,67.68699645996094,55.683536529541016,-5.6640625,8.0,0.001953125,rgb
nwpu_positive_183,67.3711166381836,70.2544937133789,57.3145637512207,-2.883373737335205,17.0,0.0007888349514563106,rgb
nwpu_positive_186,90.65480041503906,89.90612030029297,86.9422378540039,0.7486842274665833,15.0,0.00039473684210526315,rgb
nwpu_positive_187,78.64369201660156,81.70450592041016,73.50647735595703,-3.0608108043670654,29.0,0.008558558558558558,rgb
nwpu_positive_188,50.56556701660156,49.81511306762695,44.31647872924805,0.7504545450210571,10.0,0.0,rgb
nwpu_positive_189,63.290000915527344,61.927879333496094,54.84032440185547,1.3621195554733276,11.0,0.0,rgb
nwpu_positive_190,56.91741180419922,56.78242111206055,48.14536666870117,0.13498884439468384,12.0,0.0,rgb
nwpu_positive_191,81.31474304199219,83.6872329711914,70.43792724609375,-2.3724892139434814,20.0,0.005128205128205128,rgb
nwpu_positive_192,101.237060546875,106.72080993652344,93.53462982177734,-5.483749866485596,11.0,0.0008823529411764706,rgb
nwpu_positive_193,94.86483001708984,100.2303466796875,86.09427642822266,-5.365519046783447,18.0,0.004184322033898305,rgb
nwpu_positive_194,110.5076904296875,114.25678253173828,98.46458435058594,-3.749091863632202,13.0,0.0019764957264957264,rgb
nwpu_positive_196,100.17253112792969,101.59297943115234,82.86946105957031,-1.4204496145248413,12.0,0.001151315789473684,rgb
nwpu_positive_197,70.83893585205078,77.38612365722656,64.1445541381836,-6.547190189361572,12.0,0.0007454128440366973,rgb
nwpu_positive_198,90.27456665039062,90.82722473144531,83.79424285888672,-0.5526608824729919,12.0,0.0,rgb
nwpu_positive_199,69.08049011230469,73.8738784790039,62.63643264770508,-4.793394088745117,7.0,0.0,rgb
nwpu_positive_200,89.829833984375,90.2780990600586,78.46967315673828,-0.4482608735561371,15.0,5.4347826086956524e-05,rgb
nwpu_positive_201,83.95681762695312,87.16974639892578,76.04360961914062,-3.212926149368286,14.0,0.0032670454545454543,rgb
nwpu_positive_202,89.13150787353516,92.31452178955078,80.82740783691406,-3.1830077171325684,24.0,0.0021484375,rgb
nwpu_positive_204,74.10047912597656,76.46469116210938,66.19481658935547,-2.3642094135284424,15.8100004196167,0.003151709401709402,rgb
nwpu_positive_205,89.64595031738281,91.48851013183594,81.61463928222656,-1.842559576034546,36.0,0.01619047619047619,rgb
nwpu_positive_206,68.70266723632812,72.05309295654297,60.86945343017578,-3.35042142868042,32.0,0.011587078651685394,rgb
nwpu_positive_208,73.24004364013672,76.7820053100586,67.16654968261719,-3.541964292526245,45.0,0.021565934065934066,rgb
nwpu_positive_209,79.33702850341797,82.31975555419922,72.55349731445312,-2.9827284812927246,45.0,0.022983870967741935,rgb
nwpu_positive_210,87.60122680664062,90.69696807861328,80.55502319335938,-3.095747470855713,34.0,0.012242268041237113,rgb
nwpu_positive_211,90.17298889160156,92.63409423828125,82.96233367919922,-2.4611048698425293,35.0,0.014229910714285714,rgb
nwpu_positive_212,86.80000305175781,90.20701599121094,79.49202728271484,-3.407015323638916,37.0,0.014987244897959183,rgb
nwpu_positive_213,85.97868347167969,88.57749938964844,79.53423309326172,-2.5988194942474365,38.0,0.016458333333333332,rgb
nwpu_positive_214,87.37342071533203,89.85418701171875,76.59623718261719,-2.480764627456665,42.0,0.01674757281553398,rgb
nwpu_positive_215,86.2780990600586,88.47718048095703,76.04667663574219,-2.199082612991333,46.0,0.020011467889908256,rgb
nwpu_positive_216,88.21920013427734,88.47371673583984,77.45948791503906,-0.254518061876297,35.0,0.01716867469879518,rgb
nwpu_positive_217,88.88684844970703,89.8212890625,82.43932342529297,-0.9344400763511658,37.0,0.014583333333333334,rgb
nwpu_positive_219,86.57061004638672,87.6640625,80.10276794433594,-1.0934494733810425,39.0,0.01706730769230769,rgb
nwpu_positive_220,87.46935272216797,88.70684814453125,80.71334075927734,-1.2374999523162842,38.0,0.016646634615384615,rgb
nwpu_positive_221,82.71480560302734,82.86302947998047,72.198486328125,-0.14822368323802948,68.0,0.02914473684210526,rgb
nwpu_positive_222,83.16210174560547,81.95275115966797,67.75458526611328,1.2093462944030762,47.0,0.04908256880733945,rgb
nwpu_positive_224,77.55618286132812,82.0869140625,68.21797180175781,-4.530729293823242,49.40999984741211,0.0265625,rgb
nwpu_positive_225,79.48731231689453,83.38883972167969,71.0355224609375,-3.9015305042266846,50.0,0.029017857142857144,rgb
nwpu_positive_227,75.70451354980469,78.49659729003906,67.8543930053711,-2.792079210281372,38.0,0.01287128712871287,rgb
nwpu_positive_228,89.9723129272461,91.76419067382812,78.57462310791016,-1.7918750047683716,48.0,0.05025,rgb
nwpu_positive_229,97.1180191040039,97.52257537841797,90.96858215332031,-0.40456080436706543,22.0,0.004954954954954955,rgb
nwpu_positive_230,74.07279968261719,75.32786560058594,64.67525482177734,-1.255071759223938,32.0,0.010963114754098361,rgb
nwpu_positive_231,67.71585845947266,70.22022247314453,58.78007125854492,-2.5043632984161377,44.0,0.020459905660377357,rgb
nwpu_positive_232,87.84540557861328,90.4622573852539,82.03958129882812,-2.6168503761291504,32.810001373291016,0.011764705882352941,rgb
nwpu_positive_233,119.6470718383789,123.33733367919922,108.91786193847656,-3.690265417098999,33.0,0.012831858407079646,rgb
nwpu_positive_234,77.92539978027344,89.09001922607422,66.09014129638672,-11.164621353149414,27.0,0.005676605504587156,rgb
nwpu_positive_235,62.39850616455078,69.24748992919922,57.51847839355469,-6.848980903625488,15.0,6.793478260869565e-05,rgb
nwpu_positive_236,68.18048858642578,76.24630737304688,58.05451202392578,-8.065814971923828,54.0,0.02016304347826087,rgb
nwpu_positive_237,59.79851531982422,64.40826416015625,54.311546325683594,-4.609745979309082,37.0,0.025423728813559324,rgb
nwpu_positive_238,107.85437774658203,106.32221984863281,97.86382293701172,1.532152771949768,84.0,0.0475,rgb
nwpu_positive_240,47.113956451416016,55.71559524536133,42.82857894897461,-8.601638793945312,31.0,0.010436893203883494,rgb
nwpu_positive_241,63.76445007324219,67.78514862060547,58.598724365234375,-4.0206990242004395,25.209999084472656,0.005981182795698925,rgb
nwpu_positive_243,67.7916259765625,74.64546203613281,60.398643493652344,-6.853832721710205,34.0,0.013384433962264151,rgb
nwpu_positive_244,90.52684783935547,96.14446258544922,81.58906555175781,-5.617613792419434,30.0,0.009872159090909091,rgb
nwpu_positive_245,78.61186981201172,82.83265686035156,77.2352523803711,-4.2207865715026855,77.0,0.03061797752808989,rgb
nwpu_positive_246,77.69833374023438,79.83090209960938,67.77194213867188,-2.1325695514678955,46.0,0.03333333333333333,rgb
nwpu_positive_247,57.89597702026367,69.69251251220703,52.26683044433594,-11.796534538269043,40.0,0.022524752475247524,rgb
nwpu_positive_248,44.14885330200195,52.74541473388672,38.98904800415039,-8.596559524536133,36.0,0.015137614678899083,rgb
nwpu_positive_249,72.6827392578125,75.93565368652344,65.5514907836914,-3.2529165744781494,36.0,0.01386904761904762,rgb
nwpu_positive_250,53.56894302368164,60.64993667602539,45.31333923339844,-7.080992221832275,37.0,0.021198453608247424,rgb
nwpu_positive_251,50.20097732543945,55.773372650146484,45.229881286621094,-5.5723958015441895,36.0,0.021158854166666668,rgb
nwpu_positive_252,60.593048095703125,63.67219543457031,50.84292221069336,-3.0791454315185547,42.0,0.038392857142857145,rgb
nwpu_positive_253,78.10370635986328,74.10226440429688,59.24485778808594,4.001438140869141,21.0,0.0022123893805309734,rgb
nwpu_positive_254,93.11601257324219,96.60078430175781,80.6558609008789,-3.4847655296325684,63.0,0.0271484375,rgb
nwpu_positive_255,46.061058044433594,53.004966735839844,39.402244567871094,-6.943910121917725,40.0,0.022435897435897436,rgb
nwpu_positive_256,90.99609375,92.44581604003906,81.69430541992188,-1.4497209787368774,28.0,0.009375,rgb
nwpu_positive_257,70.99253845214844,75.37566375732422,62.895145416259766,-4.38313102722168,40.0,0.01608009708737864,rgb
nwpu_positive_258,88.71701049804688,89.69207000732422,79.90727233886719,-0.9750601053237915,52.0,0.017127403846153848,rgb
nwpu_positive_259,64.17688751220703,69.15225982666016,55.70140075683594,-4.975377082824707,43.0,0.03997844827586207,rgb
nwpu_positive_260,73.79053497314453,75.51984405517578,65.35515594482422,-1.7293082475662231,49.0,0.042050970873786404,rgb
nwpu_positive_261,75.5457534790039,77.76161193847656,62.376590728759766,-2.2158608436584473,53.0,0.05536556603773585,rgb
nwpu_positive_262,64.20588684082031,69.70712280273438,52.5826301574707,-5.501235485076904,52.0,0.04236918604651163,rgb
nwpu_positive_263,84.17205810546875,85.79080963134766,75.10147094726562,-1.618749976158142,57.0,0.026225490196078432,rgb
nwpu_positive_265,72.15007019042969,74.77536010742188,64.33023071289062,-2.625290632247925,39.0,0.020930232558139535,rgb
nwpu_positive_266,87.3486557006836,96.2537612915039,85.0059814453125,-8.905107498168945,9.0,0.0006720430107526882,rgb
nwpu_positive_267,60.2281608581543,81.23536682128906,66.19448852539062,-21.007205963134766,9.0,7.352941176470588e-05,rgb
nwpu_positive_268,69.19348907470703,73.46157836914062,63.32414627075195,-4.268092155456543,8.0,0.0,rgb
nwpu_positive_270,49.74284744262695,51.770381927490234,49.52100372314453,-2.027533769607544,11.40999984741211,0.0020833333333333333,rgb
nwpu_positive_271,58.472084045410156,63.729122161865234,56.46342468261719,-5.257037162780762,6.0,0.0006481481481481481,rgb
nwpu_positive_272,68.6148452758789,73.07614135742188,65.30859375,-4.461297988891602,7.0,0.0,rgb
nwpu_positive_273,66.33119201660156,72.97140502929688,61.9582405090332,-6.640210151672363,5.210000038146973,5.5309734513274336e-05,rgb
nwpu_positive_274,57.01053237915039,65.6028060913086,56.1391716003418,-8.592273712158203,9.0,0.0001968503937007874,rgb
nwpu_positive_275,68.79940795898438,74.93413543701172,60.49628448486328,-6.134728908538818,13.0,0.0002358490566037736,rgb
nwpu_positive_276,66.17085266113281,72.1395492553711,57.69758224487305,-5.968697547912598,5.0,5.252100840336135e-05,rgb
nwpu_positive_278,70.8123550415039,85.4612808227539,71.99604797363281,-14.64892578125,11.0,0.000244140625,rgb
nwpu_positive_279,49.92142868041992,73.7121810913086,65.75273132324219,-23.790756225585938,16.0,0.004359243697478992,rgb
nwpu_positive_280,43.43315124511719,71.70985412597656,54.436614990234375,-28.27669906616211,6.0,0.0,rgb
nwpu_positive_282,86.60689544677734,101.75824737548828,90.59272003173828,-15.151352882385254,50.0,0.017268041237113403,rgb
nwpu_positive_283,81.8165512084961,86.2271957397461,65.97100830078125,-4.410648345947266,11.210000038146973,0.00028935185185185184,rgb
nwpu_positive_285,47.50360107421875,58.450401306152344,59.71839904785156,-10.946800231933594,3.0,0.0014,rgb
nwpu_positive_286,94.96829223632812,106.12860870361328,86.74781799316406,-11.16031551361084,9.0,0.0,rgb
nwpu_positive_287,97.00296020507812,107.99529266357422,97.29792022705078,-10.992339134216309,20.0,0.007661290322580645,rgb
nwpu_positive_288,25.637939453125,43.936424255371094,50.170509338378906,-18.298486709594727,-10.0,0.0,rgb
nwpu_positive_289,102.45189666748047,111.7437973022461,103.77870178222656,-9.291899681091309,13.0,0.00015,rgb
nwpu_positive_290,32.946773529052734,47.77711868286133,59.04248809814453,-14.830342292785645,8.0,5.040322580645161e-05,rgb
nwpu_positive_291,34.30345153808594,48.349151611328125,57.22959899902344,-14.045700073242188,9.0,5e-05,rgb
nwpu_positive_292,89.79608917236328,104.7086410522461,101.89461517333984,-14.912550926208496,8.0,0.0,rgb
nwpu_positive_293,46.052181243896484,52.04925537109375,47.39315414428711,-5.997073650360107,15.0,0.0,rgb
nwpu_positive_295,80.36648559570312,101.52523803710938,97.76404571533203,-21.158750534057617,3.0,0.0,rgb
nwpu_positive_297,26.078319549560547,44.367286682128906,50.590919494628906,-18.288965225219727,-10.0,0.0,rgb
nwpu_positive_298,76.48411560058594,99.4827880859375,102.46490478515625,-22.998668670654297,3.0,0.0,rgb
nwpu_positive_299,81.79105377197266,105.32195281982422,106.70889282226562,-23.530895233154297,3.0,0.0004065040650406504,rgb
nwpu_positive_300,35.87248992919922,40.05728530883789,45.47987365722656,-4.184793472290039,-1.0,0.00034448818897637795,rgb
nwpu_positive_301,62.159786224365234,76.57051849365234,71.66509246826172,-14.410731315612793,5.0,0.0,rgb
nwpu_positive_302,27.041748046875,34.69010925292969,37.985435485839844,-7.648361682891846,11.0,0.0009101941747572816,rgb
nwpu_positive_303,46.34994888305664,52.37981033325195,47.68035888671875,-6.029860973358154,15.0,0.0,rgb
nwpu_positive_306,85.77812194824219,95.1761703491211,103.46723937988281,-9.398046493530273,22.0,0.00361328125,rgb
nwpu_positive_307,81.52794647216797,105.17057800292969,106.51006317138672,-23.64263153076172,3.0,5.08130081300813e-05,rgb
nwpu_positive_308,73.3652572631836,93.6632308959961,96.07815551757812,-20.2979736328125,38.0,0.015202702702702704,rgb
nwpu_positive_309,69.67142486572266,78.16497802734375,72.58512115478516,-8.493551254272461,20.0,0.0028273809523809523,rgb
nwpu_positive_310,56.99205780029297,70.99431610107422,66.54338836669922,-14.002254486083984,3.0,0.0,rgb
nwpu_positive_311,97.86236572265625,108.37901306152344,101.80960845947266,-10.516644477844238,10.0,0.00125,rgb
nwpu_positive_312,113.64583587646484,120.93812561035156,112.24736022949219,-7.292291641235352,16.0,0.00034722222222222224,rgb
nwpu_positive_313,127.0765609741211,129.58352661132812,117.73635864257812,-2.5069711208343506,12.0,0.0,rgb
nwpu_positive_314,117.68151092529297,120.85026550292969,102.48697662353516,-3.168750047683716,11.0,0.0,rgb
nwpu_positive_315,49.28614807128906,57.33930587768555,58.86662292480469,-8.053156852722168,10.0,6.443298969072165e-05,rgb
nwpu_positive_316,86.01470947265625,92.41581726074219,76.8097915649414,-6.401106357574463,6.0,0.0,rgb
nwpu_positive_317,84.43965148925781,120.67804718017578,106.75444793701172,-36.238399505615234,0.0,0.0,rgb
nwpu_positive_318,88.88603210449219,91.50778198242188,76.57034301757812,-2.6217525005340576,26.0,0.003860294117647059,rgb
nwpu_positive_319,77.21309661865234,114.24474334716797,101.37276458740234,-37.031646728515625,-4.0,0.0,rgb
nwpu_positive_320,60.86225509643555,71.34133911132812,74.71023559570312,-10.479084968566895,5.0,4.921259842519685e-05,rgb
nwpu_positive_322,92.95845031738281,92.72517395019531,78.66175079345703,0.23327545821666718,21.0,0.001099537037037037,rgb
nwpu_positive_324,105.85883331298828,116.39575958251953,113.29676818847656,-10.536925315856934,11.0,0.0015086206896551724,rgb
nwpu_positive_325,94.3162612915039,105.78514862060547,99.5448226928711,-11.468884468078613,14.0,0.002150537634408602,rgb
nwpu_positive_326,118.13648986816406,127.89388275146484,108.41162872314453,-9.757392883300781,14.210000038146973,0.00228494623655914,rgb
nwpu_positive_327,114.94131469726562,115.19664764404297,113.44519805908203,-0.2553289532661438,20.0,0.001644736842105263,rgb
nwpu_positive_328,111.27843475341797,114.43893432617188,97.02050018310547,-3.1605000495910645,27.0,0.0038125,rgb
nwpu_positive_329,105.44793701171875,109.41847229003906,100.09883117675781,-3.9705357551574707,18.0,0.005288461538461539,rgb
nwpu_positive_330,99.52815246582031,102.70614624023438,91.31002044677734,-3.1779959201812744,55.40999984741211,0.03290289256198347,rgb
nwpu_positive_331,52.952064514160156,58.16933822631836,47.518394470214844,-5.217276096343994,13.0,0.003891509433962264,rgb
nwpu_positive_332,88.553466796875,91.5,79.48348999023438,-2.946535348892212,27.0,0.005095108695652174,rgb
nwpu_positive_333,76.28353118896484,77.66471862792969,65.58090209960938,-1.381191611289978,19.0,0.0014018691588785046,rgb
nwpu_positive_334,81.36630249023438,84.59707641601562,77.0374984741211,-3.230774402618408,9.0,0.0009510869565217392,rgb
nwpu_positive_335,79.12751007080078,83.47615814208984,69.88556671142578,-4.348647117614746,16.0,0.0,rgb
nwpu_positive_336,51.853065490722656,56.96391677856445,47.23579025268555,-5.110848903656006,4.0,0.0,rgb
nwpu_positive_337,93.95474243164062,95.22025299072266,85.76333618164062,-1.2655134201049805,41.0,0.01484375,rgb
nwpu_positive_338,81.3392562866211,84.4253921508789,73.57024383544922,-3.086132764816284,14.0,0.0,rgb
nwpu_positive_339,75.70410919189453,79.30892944335938,67.52725982666016,-3.6048214435577393,29.0,0.008392857142857143,rgb
nwpu_positive_340,64.02730560302734,68.68025970458984,55.182498931884766,-4.652960300445557,16.0,0.0,rgb
nwpu_positive_341,74.7566909790039,77.23578643798828,64.82466888427734,-2.479092836380005,25.0,0.0051991150442477875,rgb
nwpu_positive_343,74.44194030761719,78.42213439941406,67.13720703125,-3.980198621749878,25.0,0.008002336448598131,rgb
nwpu_positive_345,81.85255432128906,86.87716674804688,76.44298553466797,-5.0246171951293945,12.0,0.0010841836734693877,rgb
nwpu_positive_346,83.46109771728516,84.39630126953125,74.55644226074219,-0.9352040886878967,39.0,0.014349489795918368,rgb
nwpu_positive_347,60.51795959472656,68.61506652832031,50.808815002441406,-8.097105026245117,10.0,0.00013157894736842105,rgb
nwpu_positive_349,75.52233123779297,80.9935531616211,71.19759368896484,-5.471223831176758,9.0,0.0004557291666666667,rgb
nwpu_positive_350,74.00090026855469,79.81880950927734,69.90618896484375,-5.817908763885498,25.0,0.0037259615384615387,rgb
nwpu_positive_351,72.08808898925781,75.03131103515625,66.13166046142578,-2.9432194232940674,14.0,0.0004127358490566038,rgb
nwpu_positive_352,74.2466049194336,78.32408142089844,65.78286743164062,-4.077478408813477,26.0,0.0019935344827586208,rgb
nwpu_positive_353,74.73104858398438,78.08444213867188,68.34654235839844,-3.35339093208313,10.0,0.00039893617021276594,rgb
nwpu_positive_355,63.45755386352539,70.18372344970703,60.09272003173828,-6.726167678833008,8.0,0.00013736263736263736,rgb
nwpu_positive_356,63.13998794555664,65.89764404296875,55.44094467163086,-2.757652997970581,25.0,0.003826530612244898,rgb
nwpu_positive_357,91.62159729003906,94.54862976074219,79.88607788085938,-2.9270284175872803,22.0,0.0021381578947368422,rgb
nwpu_positive_358,54.95496368408203,66.46600341796875,48.12710189819336,-11.511039733886719,6.0,0.0,rgb
nwpu_positive_359,96.43383026123047,98.90644073486328,89.116943359375,-2.472615957260132,31.809999465942383,0.012371134020618556,rgb
nwpu_positive_360,88.14025115966797,92.272705078125,81.94696044921875,-4.132453918457031,15.0,5.733944954128441e-05,rgb
nwpu_positive_361,81.9072265625,85.70189666748047,73.30281829833984,-3.7946720123291016,22.0,0.0003073770491803279,rgb
nwpu_positive_362,88.31221771240234,87.98699188232422,77.05760192871094,0.32522523403167725,41.0,0.029504504504504505,rgb
nwpu_positive_364,90.55947875976562,94.32943725585938,81.61532592773438,-3.7699596881866455,18.0,0.0008064516129032258,rgb
nwpu_positive_365,78.99333953857422,84.61092376708984,74.13873291015625,-5.617582321166992,11.0,0.0002747252747252747,rgb
nwpu_positive_366,103.16226959228516,109.04837799072266,89.60931396484375,-5.886111259460449,40.209999084472656,0.014409722222222223,rgb
nwpu_positive_368,111.5562515258789,115.70244598388672,100.8284683227539,-4.146193027496338,17.0,0.00125,rgb
nwpu_positive_369,50.601810455322266,95.06559753417969,56.01571273803711,-44.463783264160156,2.0,0.0,rgb
nwpu_positive_371,95.69369506835938,111.20793914794922,94.50411224365234,-15.51424503326416,26.0,0.0036036036036036037,rgb
nwpu_positive_373,42.08877944946289,126.2740249633789,52.03652572631836,-84.18524932861328,-4.0,0.0,rgb
nwpu_positive_374,45.076412200927734,120.54244232177734,51.620216369628906,-75.46603393554688,-6.0,0.0,rgb
nwpu_positive_375,119.02735137939453,162.14599609375,112.97015380859375,-43.118648529052734,5.0,5e-05,rgb
nwpu_positive_376,59.643646240234375,86.3129653930664,57.77031326293945,-26.669322967529297,11.0,0.0,rgb
nwpu_positive_377,67.49357604980469,99.67617797851562,69.9034194946289,-32.1826057434082,10.0,5.89622641509434e-05,rgb
nwpu_positive_378,59.94804000854492,135.13516235351562,62.050743103027344,-75.18712615966797,8.0,5.296610169491525e-05,rgb
nwpu_positive_379,68.46026611328125,88.51890563964844,64.52808380126953,-20.05864143371582,22.0,0.0016975308641975309,rgb
nwpu_positive_380,70.1890640258789,101.18977355957031,71.6610107421875,-31.000709533691406,17.0,0.0002840909090909091,rgb
nwpu_positive_381,56.912757873535156,90.80371856689453,62.161312103271484,-33.890960693359375,13.0,0.0,rgb
nwpu_positive_382,138.91273498535156,130.2635498046875,133.08924865722656,8.649182319641113,24.0,0.0,rgb
nwpu_positive_383,93.50691223144531,84.36825561523438,85.77925872802734,9.13866138458252,27.0,0.0004424778761061947,rgb
nwpu_positive_384,87.4734115600586,77.09146881103516,73.22764587402344,10.381938934326172,28.0,0.004184322033898305,rgb
nwpu_positive_385,87.18313598632812,77.3449935913086,77.92987823486328,9.838142395019531,24.0,0.0007705479452054794,rgb
nwpu_positive_386,107.11068725585938,94.59593963623047,92.90731811523438,12.51474380493164,28.0,0.005021367521367522,rgb
nwpu_positive_387,57.8876953125,47.9365234375,52.20820236206055,9.951171875,34.0,0.0263671875,rgb
nwpu_positive_389,124.81999206542969,120.85287475585938,119.0325927734375,3.9671130180358887,17.0,0.002380952380952381,rgb
nwpu_positive_390,99.00860595703125,99.9982681274414,98.49043273925781,-0.9896634817123413,13.0,0.0,rgb
nwpu_positive_391,126.31470489501953,123.1474380493164,126.34089660644531,3.167261838912964,18.0,0.0002380952380952381,rgb
nwpu_positive_392,128.57635498046875,123.82549285888672,121.1324462890625,4.7508697509765625,15.0,0.0026086956521739132,rgb
nwpu_positive_394,72.9811019897461,63.070030212402344,66.00738525390625,9.911072731018066,27.0,0.0028051181102362204,rgb
nwpu_positive_395,69.0009994506836,58.099952697753906,56.287357330322266,10.901049613952637,35.0,0.016507633587786258,rgb
nwpu_positive_396,75.16942596435547,65.6463851928711,65.96195220947266,9.523038864135742,23.0,0.0027573529411764708,rgb
nwpu_positive_397,81.96458435058594,72.6256103515625,73.62144470214844,9.338970184326172,30.0,0.009865196078431372,rgb
nwpu_positive_398,105.89264678955078,92.6973876953125,92.69525909423828,13.195261001586914,34.0,0.023856209150326796,rgb
nwpu_positive_399,77.34004974365234,68.66053009033203,67.88935089111328,8.679513931274414,33.0,0.016840277777777777,rgb
nwpu_positive_400,51.86527633666992,123.09171295166016,54.800045013427734,-71.22643280029297,-2.0,0.0,rgb
nwpu_positive_401,45.305335998535156,99.5611801147461,48.02240753173828,-54.25584411621094,22.0,0.0,rgb
nwpu_positive_402,57.000362396240234,94.33495330810547,59.78392028808594,-37.33458709716797,6.0,0.0,rgb
nwpu_positive_403,67.28166961669922,74.99463653564453,58.91697692871094,-7.712966442108154,17.0,4.664179104477612e-05,rgb
nwpu_positive_404,54.70981979370117,127.78382110595703,61.31617736816406,-73.07400512695312,2.0,0.0,rgb
nwpu_positive_405,56.703948974609375,122.50712585449219,60.196380615234375,-65.80317687988281,0.0,0.0,rgb
nwpu_positive_406,52.97802734375,104.0685043334961,54.560020446777344,-51.090476989746094,6.0,0.0,rgb
nwpu_positive_408,59.03396987915039,90.1546859741211,60.6484375,-31.120718002319336,8.0,0.0,rgb
nwpu_positive_409,71.2776107788086,65.18614959716797,67.31236267089844,6.091464519500732,27.0,0.001585820895522388,rgb
nwpu_positive_410,46.89849853515625,91.50847625732422,53.54176712036133,-44.60997772216797,8.0,0.0010817307692307693,rgb
nwpu_positive_411,51.08380126953125,78.79630279541016,52.6558837890625,-27.712499618530273,11.0,0.00010416666666666667,rgb
nwpu_positive_412,69.26605224609375,85.51737213134766,63.97115707397461,-16.251317977905273,12.0,5.733944954128441e-05,rgb
nwpu_positive_414,59.405338287353516,50.464962005615234,54.85679626464844,8.940374374389648,31.0,0.013047445255474452,rgb
nwpu_positive_415,121.42790222167969,108.44544982910156,105.705810546875,12.98245620727539,26.0,0.0013157894736842105,rgb
nwpu_positive_422,113.1677017211914,116.38050842285156,118.69424438476562,-3.2128093242645264,124.0,0.20872524752475247,cir
nwpu_positive_423,117.95005798339844,102.00294494628906,106.37127685546875,15.947114944458008,137.0,0.3467548076923077,cir
nwpu_positive_424,108.14827728271484,101.29789733886719,106.63386535644531,6.8503828048706055,135.0,0.28737244897959185,cir
nwpu_positive_425,112.45128631591797,127.73978424072266,131.3607177734375,-15.288504600524902,138.0,0.17566964285714284,cir
nwpu_positive_426,121.81375885009766,114.7029800415039,121.242431640625,7.110779762268066,137.0,0.31565366972477066,cir
nwpu_positive_427,97.3823471069336,107.77216339111328,116.26788330078125,-10.389814376831055,135.0,0.15011574074074074,cir
nwpu_positive_428,107.09906005859375,105.51527404785156,109.22464752197266,1.5837854146957397,128.0,0.22942216981132074,cir
nwpu_positive_429,107.44833374023438,120.16226196289062,121.27774047851562,-12.71392822265625,118.01000213623047,0.14625,cir
nwpu_positive_430,110.9085693359375,95.51089477539062,98.63333129882812,15.39767837524414,141.00999450683594,0.33125,cir
nwpu_positive_431,99.57942199707031,113.91026306152344,118.47771453857422,-14.33083724975586,131.0,0.15383254716981132,cir
nwpu_positive_432,133.37364196777344,125.92323303222656,125.36267852783203,7.450412750244141,135.0,0.3450471698113208,cir
nwpu_positive_433,110.34880828857422,101.89297485351562,104.1139907836914,8.455833435058594,138.0,0.31470238095238096,cir
nwpu_positive_434,107.93966674804688,124.05120086669922,123.1039047241211,-16.11153793334961,122.0,0.13479567307692308,cir
nwpu_positive_435,103.18948364257812,96.40342712402344,106.3736801147461,6.786057472229004,149.0,0.2885216346153846,cir
nwpu_positive_437,101.07193756103516,121.03485870361328,118.65691375732422,-19.962921142578125,124.0,0.10925480769230769,cir
nwpu_positive_438,107.94567108154297,114.61322021484375,118.09098815917969,-6.667548179626465,136.0,0.19405048076923076,cir
nwpu_positive_439,99.32862854003906,105.2827377319336,112.48976135253906,-5.954107284545898,134.0,0.17452380952380953,cir
nwpu_positive_440,104.05952453613281,106.7147216796875,112.30683135986328,-2.655198574066162,141.0,0.2137266355140187,cir
nwpu_positive_441,86.37622833251953,107.64778137207031,111.79866027832031,-21.27155303955078,126.80999755859375,0.08872663551401869,cir
nwpu_positive_442,93.44269561767578,124.0460433959961,123.46732330322266,-30.603342056274414,98.0,0.03780940594059406,cir
nwpu_positive_443,107.83483123779297,102.95764923095703,111.39981842041016,4.8771843910217285,138.0,0.29144417475728157,cir
nwpu_positive_444,99.18541717529297,117.8628158569336,118.0595932006836,-18.677398681640625,134.0,0.11035353535353536,cir
nwpu_positive_445,104.64237213134766,112.29119110107422,116.35931396484375,-7.648812294006348,129.0,0.2021875,cir
nwpu_positive_446,105.45450592041016,103.49014282226562,112.0221176147461,1.9643629789352417,133.0,0.2558894230769231,cir
nwpu_positive_447,114.30351257324219,103.44678497314453,107.91143035888672,10.85672664642334,140.0,0.32625,cir
nwpu_positive_448,108.49945068359375,104.4957504272461,108.5997543334961,4.003701686859131,137.0,0.24314320388349514,cir
nwpu_positive_449,115.3579330444336,111.56214141845703,116.11616516113281,3.795793294906616,144.61000061035156,0.2675480769230769,cir
nwpu_positive_450,130.5769500732422,111.83951568603516,123.3492202758789,18.73743438720703,154.0,0.3704427083333333,cir
nwpu_positive_451,134.97642517089844,105.98318481445312,117.99767303466797,28.99323844909668,158.0,0.42068181818181816,cir
nwpu_positive_452,114.4029769897461,75.57291412353516,86.290771484375,38.83005905151367,160.0,0.4835714285714286,cir
nwpu_positive_453,126.53490447998047,103.53678894042969,114.3813705444336,22.99811363220215,158.0,0.38413915094339623,cir
nwpu_positive_454,136.95733642578125,136.57371520996094,124.87194061279297,0.383627712726593,8.0,0.0,rgb
nwpu_positive_455,106.64220428466797,98.85848999023438,95.3840560913086,7.783715724945068,56.0,0.03985091743119266,rgb
nwpu_positive_456,90.18155670166016,87.9692611694336,77.94564819335938,2.2122950553894043,17.0,0.00025614754098360657,rgb
nwpu_positive_457,79.69436645507812,76.35128784179688,68.02977752685547,3.34307599067688,23.0,0.006127450980392157,rgb
nwpu_positive_458,77.87751007080078,73.57996368408203,63.944976806640625,4.297546863555908,40.0,0.05058411214953271,rgb
nwpu_positive_460,76.16146087646484,74.41036224365234,66.7414321899414,1.7510995864868164,13.0,0.00017361111111111112,rgb
nwpu_positive_461,82.89710235595703,79.90631103515625,70.3499984741211,2.990786075592041,14.0,0.0,rgb
nwpu_positive_463,87.87872314453125,85.49687194824219,74.0572509765625,2.3818483352661133,19.0,0.0,rgb
nwpu_positive_464,85.57819366455078,82.78040313720703,71.49056243896484,2.7977864742279053,21.0,0.00026041666666666666,rgb
nwpu_positive_465,103.90473937988281,106.3073501586914,93.88248443603516,-2.4026098251342773,10.0,0.00013736263736263736,rgb
nwpu_positive_468,83.83517456054688,84.15399169921875,76.96735382080078,-0.31881648302078247,39.61000061035156,0.030718085106382978,rgb
nwpu_positive_471,86.42736053466797,87.51830291748047,76.54814910888672,-1.0909439325332642,27.0,0.008673469387755102,rgb
nwpu_positive_472,83.10514068603516,85.03336334228516,77.27349090576172,-1.9282257556915283,37.0,0.01849798387096774,rgb
nwpu_positive_473,80.70197296142578,81.52975463867188,68.96283721923828,-0.827785313129425,19.0,0.0011548913043478261,rgb
nwpu_positive_474,94.58412170410156,93.23381042480469,84.72193908691406,1.3503124713897705,43.0,0.033375,rgb
nwpu_positive_475,96.57481384277344,99.36132049560547,92.06169891357422,-2.7865099906921387,17.0,0.0,rgb
nwpu_positive_478,95.55227661132812,96.54818725585938,89.92219543457031,-0.9959112405776978,31.0,0.01016355140186916,rgb
nwpu_positive_479,95.63304901123047,93.60084533691406,83.90641784667969,2.0322072505950928,46.0,0.04070945945945946,rgb
nwpu_positive_480,99.6431884765625,101.4938735961914,94.06543731689453,-1.8506875038146973,16.0,0.0,rgb
nwpu_positive_482,94.76116180419922,92.06339263916016,83.57799530029297,2.697767972946167,38.0,0.022512755102040816,rgb
nwpu_positive_484,87.57121276855469,90.53844451904297,83.08856964111328,-2.9672348499298096,24.0,0.0,rgb
nwpu_positive_486,112.56945037841797,110.67206573486328,104.39107513427734,1.8973852396011353,17.0,0.0005102040816326531,rgb
nwpu_positive_487,93.53330993652344,96.43531036376953,88.28582763671875,-2.9019973278045654,18.0,0.0010309278350515464,rgb
nwpu_positive_488,88.68053436279297,86.95940399169922,86.40440368652344,1.7211309671401978,23.0,0.0015476190476190477,rgb
nwpu_positive_489,84.78243255615234,87.18696594238281,78.42765045166016,-2.4045400619506836,22.0,0.0011202830188679245,rgb
nwpu_positive_490,29.74952507019043,41.861141204833984,41.905025482177734,-12.111617088317871,9.0,6.793478260869565e-05,rgb
nwpu_positive_491,94.34164428710938,95.31930541992188,88.23774719238281,-0.9776608943939209,12.0,6.188118811881188e-05,rgb
nwpu_positive_492,76.00306701660156,80.1055908203125,72.97451782226562,-4.1025238037109375,20.610000610351562,0.00030048076923076925,rgb
nwpu_positive_493,97.01394653320312,97.62679290771484,91.52951049804688,-0.6128472089767456,39.0,0.03605324074074074,rgb
nwpu_positive_494,83.92613220214844,89.69261932373047,76.46037292480469,-5.766489505767822,20.0,0.00019946808510638297,rgb
nwpu_positive_495,92.75292205810547,94.54574584960938,86.29228973388672,-1.7928191423416138,23.0,0.0007313829787234042,rgb
nwpu_positive_496,93.97431182861328,96.02531433105469,90.56956481933594,-2.0510001182556152,42.0,0.0168125,rgb
nwpu_positive_497,79.39643096923828,84.68565368652344,74.69327545166016,-5.289226055145264,19.0,0.00029761904761904765,rgb
nwpu_positive_498,107.00120544433594,107.8225326538086,104.30318450927734,-0.8213341236114502,26.610000610351562,0.002043269230769231,rgb
nwpu_positive_499,86.04771423339844,82.16184997558594,79.87239074707031,3.8858695030212402,28.0,0.006902173913043479,rgb
nwpu_positive_500,42.12921905517578,64.89277648925781,72.6792221069336,-22.7635555267334,-12.0,0.000487012987012987,rgb
nwpu_positive_501,76.03378295898438,93.38319396972656,100.91461181640625,-17.349409103393555,-10.0,0.0007601351351351352,rgb
nwpu_positive_502,47.8766975402832,64.23865509033203,69.04243469238281,-16.36195945739746,2.0,0.002932098765432099,rgb
nwpu_positive_503,44.10103988647461,57.604515075683594,61.45573043823242,-13.503472328186035,-4.0,0.002170138888888889,rgb
nwpu_positive_504,55.65153884887695,82.26258850097656,94.03559875488281,-26.611051559448242,-20.0,0.00018115942028985507,rgb
nwpu_positive_506,33.317405700683594,43.39946365356445,45.61532211303711,-10.082056045532227,3.0,0.004435483870967742,rgb
nwpu_positive_507,44.134944915771484,56.842044830322266,57.70653533935547,-12.707101821899414,-2.0,0.002556818181818182,rgb
nwpu_positive_509,48.22597885131836,78.11957550048828,93.97598266601562,-29.893598556518555,4.0,0.0,rgb
nwpu_positive_511,37.791751861572266,51.83000183105469,54.048667907714844,-14.038249969482422,-1.0,0.0015,rgb
nwpu_positive_512,41.540889739990234,60.44707489013672,59.536903381347656,-18.90618324279785,-10.0,0.0007313829787234042,rgb
nwpu_positive_513,46.01613235473633,60.601688385009766,62.50185775756836,-14.585556983947754,-3.0,0.0009290540540540541,rgb
nwpu_positive_514,38.92963790893555,51.373321533203125,62.859073638916016,-12.443682670593262,-4.0,0.00114247311827957,rgb
nwpu_positive_515,86.13783264160156,93.427490234375,94.40591430664062,-7.2896504402160645,5.0,0.0016801075268817205,rgb
nwpu_positive_516,99.34943389892578,107.82581329345703,109.60438537597656,-8.47637939453125,17.0,0.00040584415584415587,rgb
nwpu_positive_517,57.09404373168945,71.16477966308594,82.57889556884766,-14.070734977722168,-8.0,0.00022058823529411765,rgb
nwpu_positive_518,60.28887939453125,71.17037200927734,81.23190307617188,-10.88149356842041,0.0,0.0011363636363636363,rgb
nwpu_positive_519,42.76385498046875,66.49443054199219,77.00918579101562,-23.730571746826172,-17.0,7.530120481927712e-05,rgb
nwpu_positive_520,53.075660705566406,66.6490478515625,69.52051544189453,-13.573382377624512,-4.0,0.0,rgb
nwpu_positive_522,71.66078186035156,81.25,70.17202758789062,-9.589219093322754,4.0,0.0,rgb
nwpu_positive_523,66.43669891357422,75.75279235839844,60.66801834106445,-9.31609058380127,3.0,6.648936170212766e-05,rgb
nwpu_positive_524,76.43865203857422,81.58883666992188,66.54733276367188,-5.150182247161865,22.0,0.0014563106796116505,rgb
nwpu_positive_525,81.27584838867188,83.93717956542969,70.09740447998047,-2.661334753036499,38.0,0.027489406779661017,rgb
nwpu_positive_526,81.44766235351562,81.4970932006836,71.03901672363281,-0.04943181946873665,18.0,0.001893939393939394,rgb
nwpu_positive_527,91.99381256103516,90.8067626953125,79.12480926513672,1.1870489120483398,17.0,0.001868556701030928,rgb
nwpu_positive_528,71.7615737915039,74.80538177490234,62.4383659362793,-3.043811798095703,15.0,0.00024752475247524753,rgb
nwpu_positive_529,61.121315002441406,67.98133087158203,53.09383010864258,-6.860015869140625,13.0,0.004807692307692308,rgb
nwpu_positive_530,77.56485748291016,81.26931762695312,67.98206329345703,-3.7044641971588135,16.0,0.0012987012987012987,rgb
nwpu_positive_531,68.58895111083984,74.80171966552734,60.619022369384766,-6.212771892547607,10.0,0.0,rgb
nwpu_positive_533,65.36556243896484,69.70880126953125,59.88144302368164,-4.343239784240723,12.0,0.0,rgb
nwpu_positive_534,67.33639526367188,77.01190948486328,64.16706085205078,-9.675515174865723,2.0,7.352941176470588e-05,rgb
nwpu_positive_535,64.25251770019531,73.53368377685547,61.04253387451172,-9.281168937683105,2.0,8.116883116883117e-05,rgb
nwpu_positive_536,60.21440124511719,67.17684173583984,55.039276123046875,-6.962438583374023,6.0,0.0,rgb
nwpu_positive_537,59.6584358215332,64.31468963623047,53.8513298034668,-4.65625,19.0,0.003046875,rgb
nwpu_positive_538,112.4541015625,112.1156005859375,99.76287841796875,0.338501900434494,13.0,0.0007156488549618321,rgb
nwpu_positive_541,100.14703369140625,105.08116912841797,92.24559020996094,-4.934134483337402,9.0,0.000641025641025641,rgb
nwpu_positive_543,91.54253387451172,95.75607299804688,83.1570053100586,-4.213541507720947,25.0,0.005497685185185185,rgb
nwpu_positive_544,96.42701721191406,102.19602966308594,89.81536102294922,-5.769010543823242,12.0,0.0003255208333333333,rgb
nwpu_positive_545,88.86150360107422,90.6407470703125,76.39105987548828,-1.7792500257492065,57.0,0.0331875,rgb
nwpu_positive_546,84.67076873779297,90.27330780029297,71.74101257324219,-5.6025390625,43.0,0.014908854166666667,rgb
nwpu_positive_547,61.369300842285156,66.36820220947266,55.279327392578125,-4.998900890350342,8.0,0.0,rgb
nwpu_positive_548,67.6380844116211,73.0650863647461,61.21908187866211,-5.427000045776367,11.0,0.0003333333333333333,rgb
nwpu_positive_549,52.43952941894531,58.90756607055664,47.66255569458008,-6.468037128448486,9.0,0.0,rgb
nwpu_positive_550,60.02486038208008,64.77857971191406,56.56685256958008,-4.753721714019775,7.0,0.0002106741573033708,rgb
nwpu_positive_553,51.37812423706055,57.6419563293457,46.951446533203125,-6.26383113861084,5.0,0.0,rgb
nwpu_positive_555,64.3054428100586,67.7618408203125,58.03720474243164,-3.45639705657959,10.0,0.0,rgb
nwpu_positive_556,70.96574401855469,74.05342864990234,70.69429779052734,-3.087683916091919,23.0,0.0047181372549019605,rgb
nwpu_positive_557,72.2477798461914,73.81726837158203,65.55577850341797,-1.5694892406463623,12.0,0.00047043010752688175,rgb
nwpu_positive_558,84.67232513427734,85.9681396484375,79.87767791748047,-1.2958147525787354,15.0,0.0006138392857142857,rgb
nwpu_positive_559,73.92142486572266,75.9391098022461,67.50669860839844,-2.0176784992218018,10.0,0.00026785714285714287,rgb
nwpu_positive_560,62.52565002441406,66.63333129882812,54.42597579956055,-4.107682228088379,10.0,0.0,rgb
nwpu_positive_561,84.71821594238281,85.47073364257812,77.337890625,-0.7525193691253662,11.0,9.689922480620155e-05,rgb
nwpu_positive_562,78.77825164794922,79.30487823486328,71.27722930908203,-0.526626706123352,10.0,0.00017123287671232877,rgb
nwpu_positive_563,137.07870483398438,137.2794647216797,127.29924774169922,-0.20075549185276031,6.0,0.0,rgb
nwpu_positive_564,109.49446105957031,116.12541198730469,99.73838806152344,-6.630955219268799,40.40999984741211,0.0125,rgb
nwpu_positive_565,97.78776550292969,109.99295043945312,79.21469116210938,-12.205185890197754,32.0,0.01363031914893617,rgb
nwpu_positive_566,70.62532806396484,73.35494995117188,60.78450393676758,-2.7296223640441895,51.0,0.025911458333333335,rgb
nwpu_positive_567,66.70793914794922,73.18186950683594,59.054561614990234,-6.473930358886719,31.0,0.010078828828828828,rgb
nwpu_positive_569,56.922550201416016,61.63192367553711,46.40428924560547,-4.709374904632568,74.0,0.05269607843137255,rgb
nwpu_positive_570,73.90433502197266,75.30390930175781,58.347442626953125,-1.3995739221572876,36.0,0.0390625,rgb
nwpu_positive_571,51.2635612487793,58.71316909790039,45.114341735839844,-7.449609279632568,6.0,0.0,rgb
nwpu_positive_572,95.50210571289062,96.6927261352539,85.23213958740234,-1.1906249523162842,40.0,0.012244897959183673,rgb
nwpu_positive_573,81.79624938964844,83.5147476196289,75.7353744506836,-1.718500018119812,43.0,0.0218125,rgb
nwpu_positive_574,134.84718322753906,134.7970428466797,124.20323181152344,0.050137363374233246,9.0,0.0,rgb
nwpu_positive_575,109.42660522460938,114.98268127441406,94.75630950927734,-5.55607795715332,38.0,0.016857798165137616,rgb
nwpu_positive_576,71.39494323730469,82.65526580810547,61.45175552368164,-11.260322570800781,26.0,0.0051966292134831464,rgb
nwpu_positive_577,64.46292877197266,75.9789810180664,57.780609130859375,-11.516051292419434,11.0,0.0,rgb
nwpu_positive_578,54.418819427490234,60.71548843383789,51.06678009033203,-6.296671390533447,30.0,0.009510869565217392,rgb
nwpu_positive_579,88.14867401123047,92.1830825805664,84.13655090332031,-4.034406661987305,40.0,0.033207070707070706,rgb
nwpu_positive_580,52.907066345214844,59.3258171081543,47.82391357421875,-6.418749809265137,13.0,0.00020380434782608695,rgb
nwpu_positive_581,114.91000366210938,110.2688217163086,98.81131744384766,4.641180515289307,45.0,0.016805555555555556,rgb
nwpu_positive_582,60.6246223449707,65.83110046386719,55.24480438232422,-5.206475734710693,21.0,0.005572289156626506,rgb
nwpu_positive_583,40.42714309692383,48.78982925415039,36.74515914916992,-8.36268424987793,6.0,0.0001838235294117647,rgb
nwpu_positive_584,48.939884185791016,56.06275939941406,44.04149627685547,-7.122873783111572,14.0,0.0001288659793814433,rgb
nwpu_positive_585,58.58268356323242,62.78543472290039,52.50843048095703,-4.202752113342285,9.0,0.0,rgb
nwpu_positive_586,49.376041412353516,57.279903411865234,42.60527038574219,-7.903860092163086,24.0,0.002022058823529412,rgb
nwpu_positive_587,49.191375732421875,56.50062561035156,43.45693588256836,-7.3092498779296875,38.0,0.023875,rgb
nwpu_positive_588,45.366973876953125,52.660526275634766,39.191776275634766,-7.293552398681641,53.0,0.028289473684210528,rgb
nwpu_positive_589,68.94198608398438,74.31595611572266,58.99213409423828,-5.3739705085754395,44.0,0.019705882352941177,rgb
nwpu_positive_590,68.26886749267578,72.46524047851562,57.291725158691406,-4.196369171142578,51.0,0.04220238095238095,rgb
nwpu_positive_591,58.43240737915039,63.06512451171875,47.3305549621582,-4.632716178894043,47.0,0.0470679012345679,rgb
nwpu_positive_592,51.4796257019043,56.984737396240234,42.23269271850586,-5.50510835647583,47.0,0.031850961538461536,rgb
nwpu_positive_593,61.379119873046875,66.23146057128906,50.857810974121094,-4.852343559265137,41.0,0.022514204545454546,rgb
nwpu_positive_594,51.963008880615234,61.433292388916016,44.115177154541016,-9.470280647277832,46.0,0.021875,rgb
nwpu_positive_595,52.543479919433594,58.49193572998047,42.919288635253906,-5.9484543800354,16.0,0.0,rgb
nwpu_positive_596,61.43901824951172,65.81796264648438,54.00030517578125,-4.378944396972656,39.0,0.01966019417475728,rgb
nwpu_positive_597,43.56480026245117,50.78549575805664,38.529598236083984,-7.220695972442627,45.0,0.026061320754716982,rgb
nwpu_positive_598,76.74988555908203,82.05648040771484,67.23999786376953,-5.306591033935547,15.0,0.00017045454545454547,rgb
nwpu_positive_599,80.68155670166016,88.43706512451172,71.31522369384766,-7.755507469177246,39.0,0.021410891089108913,rgb
nwpu_positive_600,76.58089447021484,83.04161071777344,67.72928619384766,-6.460714340209961,54.0,0.023809523809523808,rgb
nwpu_positive_601,73.73928833007812,79.89566040039062,62.00242233276367,-6.15637731552124,49.0,0.018558673469387756,rgb
nwpu_positive_603,73.7075424194336,80.46656036376953,62.6784782409668,-6.759020805358887,22.0,6.443298969072165e-05,rgb
nwpu_positive_604,103.2686996459961,109.03450775146484,97.01297760009766,-5.765811920166016,15.0,0.004326923076923077,rgb
nwpu_positive_605,94.85197448730469,96.64068603515625,84.10108184814453,-1.7887117862701416,46.0,0.01594387755102041,rgb
nwpu_positive_607,93.03976440429688,86.21549224853516,80.81742095947266,6.824268817901611,38.0,0.01788563829787234,rgb
nwpu_positive_609,73.0224838256836,77.55823516845703,64.35891723632812,-4.535747051239014,45.0,0.04275914634146342,rgb
nwpu_positive_610,62.80851364135742,73.68231964111328,57.824462890625,-10.873809814453125,30.0,0.009345238095238096,rgb
nwpu_positive_611,97.90206146240234,98.95331573486328,86.77006530761719,-1.0512499809265137,34.0,0.0116875,rgb
nwpu_positive_614,89.3155288696289,91.95703887939453,78.62487030029297,-2.6415131092071533,55.0,0.033223684210526315,rgb
nwpu_positive_615,62.07589340209961,69.06895446777344,54.90116882324219,-6.993062973022461,26.0,0.008653846153846154,rgb
nwpu_positive_616,74.1375732421875,78.9352798461914,63.97569274902344,-4.797708511352539,63.0,0.03048611111111111,rgb
nwpu_positive_617,50.88267517089844,60.08627700805664,44.837432861328125,-9.203600883483887,47.0,0.019904891304347826,rgb
nwpu_positive_618,100.78730773925781,89.61569213867188,78.94538116455078,11.171614646911621,46.0,0.03229166666666667,rgb
nwpu_positive_619,91.19425964355469,94.55924987792969,82.22212982177734,-3.3649871349334717,31.0,0.011160714285714286,rgb
nwpu_positive_620,60.68035888671875,68.12959289550781,53.847129821777344,-7.449234485626221,8.0,0.00031887755102040814,rgb
nwpu_positive_621,66.43263244628906,72.13665771484375,54.720794677734375,-5.704026222229004,55.0,0.04669471153846154,rgb
nwpu_positive_622,62.55804443359375,70.94412231445312,57.046844482421875,-8.386076927185059,8.0,0.0,rgb
nwpu_positive_623,72.03370666503906,82.13643646240234,62.53297805786133,-10.102725982666016,13.0,0.00013297872340425532,rgb
nwpu_positive_624,39.330223083496094,41.718284606933594,37.68348693847656,-2.388059616088867,6.0,0.0006529850746268657,rgb
nwpu_positive_625,101.13268280029297,93.47850036621094,79.68732452392578,7.654185771942139,17.0,0.00022935779816513763,rgb
nwpu_positive_626,79.22895050048828,77.29009246826172,66.70960998535156,1.9388561248779297,17.0,0.0002358490566037736,rgb
nwpu_positive_627,69.32931518554688,69.58824920654297,56.820186614990234,-0.2589375078678131,52.0,0.038125,rgb
nwpu_positive_628,88.4820556640625,90.28178405761719,81.78998565673828,-1.7997311353683472,12.0,0.00026881720430107527,rgb
nwpu_positive_629,50.733272552490234,60.165992736816406,44.75496292114258,-9.432720184326172,44.0,0.01678921568627451,rgb
nwpu_positive_630,93.77812194824219,95.1649398803711,83.9809341430664,-1.386812448501587,13.0,0.0,rgb
nwpu_positive_631,94.93775177001953,91.36677551269531,79.17550659179688,3.5709822177886963,12.0,0.0,rgb
nwpu_positive_632,103.96053314208984,98.44628143310547,83.60836029052734,5.514255523681641,54.0,0.02830056179775281,rgb
nwpu_positive_633,91.05712127685547,91.8342514038086,78.197998046875,-0.7771250009536743,62.0,0.02925,rgb
nwpu_positive_634,83.6999282836914,83.85667419433594,73.29794311523438,-0.15674716234207153,50.0,0.04311079545454546,rgb
nwpu_positive_636,72.72784423828125,74.60699462890625,65.33651733398438,-1.8791511058807373,26.0,0.008348880597014925,rgb
nwpu_positive_638,62.50463104248047,68.20943450927734,58.287384033203125,-5.704803466796875,12.0,0.0008680555555555555,rgb
nwpu_positive_639,74.67135620117188,79.56490325927734,66.100341796875,-4.893543720245361,49.0,0.021565934065934066,rgb
nwpu_positive_641,86.4902572631836,90.79744720458984,74.72667694091797,-4.307190895080566,54.0,0.02661290322580645,rgb
nwpu_positive_642,72.1292953491211,78.05511474609375,61.6797981262207,-5.925820827484131,63.0,0.04248737373737374,rgb
nwpu_positive_643,60.05560302734375,67.9851303100586,55.54143142700195,-7.929525852203369,7.409999847412109,0.0009698275862068965,rgb
nwpu_positive_644,83.82112121582031,79.22000122070312,67.70249938964844,4.6011247634887695,31.010000228881836,0.012,rgb
nwpu_positive_645,84.18144226074219,80.68389892578125,69.55435943603516,3.497537851333618,15.0,0.0003787878787878788,rgb
nwpu_positive_646,97.70347595214844,92.3183364868164,78.51625061035156,5.385138988494873,17.0,0.0,rgb
nwpu_positive_647,81.0379638671875,75.51091766357422,64.68164825439453,5.527039527893066,48.0,0.04092105263157895,rgb
nwpu_positive_648,88.7010498046875,84.72377014160156,74.11477661132812,3.977277994155884,42.0,0.03469626168224299,rgb
nwpu_positive_649,84.12033081054688,80.46133422851562,69.97061920166016,3.6589953899383545,12.0,5.841121495327103e-05,rgb
nwpu_positive_650,73.76861572265625,67.63749694824219,57.785282135009766,6.131115436553955,21.0,0.004166666666666667,rgb
