arm,alpha,k,verdict,n,feature,mean
local,0.0,4.0,accept,531,sim_at_1,0.9468
local,0.0,4.0,accept,531,agreement_at_k,0.9533
local,0.0,4.0,accept,531,class_margin,0.1021
local,0.0,4.0,accept,531,evidence_margin,-0.0019
local,0.0,4.0,adjust,403,sim_at_1,0.9433
local,0.0,4.0,adjust,403,agreement_at_k,0.9385
local,0.0,4.0,adjust,403,class_margin,0.0988
local,0.0,4.0,adjust,403,evidence_margin,-0.0041
local,0.0,4.0,reject_background,174,sim_at_1,0.8514
local,0.0,4.0,reject_background,174,agreement_at_k,0.1241
local,0.0,4.0,reject_background,174,class_margin,-0.0745
local,0.0,4.0,reject_background,174,evidence_margin,-0.0557
local,0.0,4.0,reject_localisation,530,sim_at_1,0.943
local,0.0,4.0,reject_localisation,530,agreement_at_k,0.9449
local,0.0,4.0,reject_localisation,530,class_margin,0.0981
local,0.0,4.0,reject_localisation,530,evidence_margin,-0.0033
local,0.0,4.0,relabel,128,sim_at_1,0.9428
local,0.0,4.0,relabel,128,agreement_at_k,0.0375
local,0.0,4.0,relabel,128,class_margin,-0.1339
local,0.0,4.0,relabel,128,evidence_margin,-0.004
local,0.25,4.0,accept,531,sim_at_1,0.9446
local,0.25,4.0,accept,531,agreement_at_k,0.9985
local,0.25,4.0,accept,531,class_margin,0.1165
local,0.25,4.0,accept,531,evidence_margin,0.0021
local,0.25,4.0,adjust,403,sim_at_1,0.9379
local,0.25,4.0,adjust,403,agreement_at_k,0.996
local,0.25,4.0,adjust,403,class_margin,0.1121
local,0.25,4.0,adjust,403,evidence_margin,-0.0029
local,0.25,4.0,reject_background,174,sim_at_1,0.8344
local,0.25,4.0,reject_background,174,agreement_at_k,0.1287
local,0.25,4.0,reject_background,174,class_margin,-0.0629
local,0.25,4.0,reject_background,174,evidence_margin,-0.0656
local,0.25,4.0,reject_localisation,530,sim_at_1,0.9263
local,0.25,4.0,reject_localisation,530,agreement_at_k,0.9891
local,0.25,4.0,reject_localisation,530,class_margin,0.0999
local,0.25,4.0,reject_localisation,530,evidence_margin,-0.0122
local,0.25,4.0,relabel,128,sim_at_1,0.9365
local,0.25,4.0,relabel,128,agreement_at_k,0.0031
local,0.25,4.0,relabel,128,class_margin,-0.1429
local,0.25,4.0,relabel,128,evidence_margin,-0.0032
local,0.5,4.0,accept,531,sim_at_1,0.9468
local,0.5,4.0,accept,531,agreement_at_k,0.9996
local,0.5,4.0,accept,531,class_margin,0.1242
local,0.5,4.0,accept,531,evidence_margin,0.003
local,0.5,4.0,adjust,403,sim_at_1,0.9379
local,0.5,4.0,adjust,403,agreement_at_k,0.9995
local,0.5,4.0,adjust,403,class_margin,0.1193
local,0.5,4.0,adjust,403,evidence_margin,-0.0045
local,0.5,4.0,reject_background,174,sim_at_1,0.8357
local,0.5,4.0,reject_background,174,agreement_at_k,0.1218
local,0.5,4.0,reject_background,174,class_margin,-0.0575
local,0.5,4.0,reject_background,174,evidence_margin,-0.067
local,0.5,4.0,reject_localisation,530,sim_at_1,0.9173
local,0.5,4.0,reject_localisation,530,agreement_at_k,0.9902
local,0.5,4.0,reject_localisation,530,class_margin,0.0959
local,0.5,4.0,reject_localisation,530,evidence_margin,-0.0209
local,0.5,4.0,relabel,128,sim_at_1,0.9354
local,0.5,4.0,relabel,128,agreement_at_k,0.0078
local,0.5,4.0,relabel,128,class_margin,-0.1502
local,0.5,4.0,relabel,128,evidence_margin,-0.0053
local,0.75,4.0,accept,531,sim_at_1,0.9529
local,0.75,4.0,accept,531,agreement_at_k,1.0
local,0.75,4.0,accept,531,class_margin,0.1227
local,0.75,4.0,accept,531,evidence_margin,0.0031
local,0.75,4.0,adjust,403,sim_at_1,0.943
local,0.75,4.0,adjust,403,agreement_at_k,0.999
local,0.75,4.0,adjust,403,class_margin,0.1175
local,0.75,4.0,adjust,403,evidence_margin,-0.0056
local,0.75,4.0,reject_background,174,sim_at_1,0.851
local,0.75,4.0,reject_background,174,agreement_at_k,0.1241
local,0.75,4.0,reject_background,174,class_margin,-0.0542
local,0.75,4.0,reject_background,174,evidence_margin,-0.062
local,0.75,4.0,reject_localisation,530,sim_at_1,0.9158
local,0.75,4.0,reject_localisation,530,agreement_at_k,0.9683
local,0.75,4.0,reject_localisation,530,class_margin,0.0822
local,0.75,4.0,reject_localisation,530,evidence_margin,-0.0276
local,0.75,4.0,relabel,128,sim_at_1,0.9404
local,0.75,4.0,relabel,128,agreement_at_k,0.0063
local,0.75,4.0,relabel,128,class_margin,-0.1518
local,0.75,4.0,relabel,128,evidence_margin,-0.0057
local,1.0,4.0,accept,531,sim_at_1,0.9667
local,1.0,4.0,accept,531,agreement_at_k,0.9992
local,1.0,4.0,accept,531,class_margin,0.1115
local,1.0,4.0,accept,531,evidence_margin,0.0025
local,1.0,4.0,adjust,403,sim_at_1,0.9566
local,1.0,4.0,adjust,403,agreement_at_k,0.9985
local,1.0,4.0,adjust,403,class_margin,0.1087
local,1.0,4.0,adjust,403,evidence_margin,-0.0065
local,1.0,4.0,reject_background,174,sim_at_1,0.8828
local,1.0,4.0,reject_background,174,agreement_at_k,0.1391
local,1.0,4.0,reject_background,174,class_margin,-0.0557
local,1.0,4.0,reject_background,174,evidence_margin,-0.0519
local,1.0,4.0,reject_localisation,530,sim_at_1,0.9269
local,1.0,4.0,reject_localisation,530,agreement_at_k,0.9038
local,1.0,4.0,reject_localisation,530,class_margin,0.0634
local,1.0,4.0,reject_localisation,530,evidence_margin,-0.0302
local,1.0,4.0,relabel,128,sim_at_1,0.9536
local,1.0,4.0,relabel,128,agreement_at_k,0.0078
local,1.0,4.0,relabel,128,class_margin,-0.1484
local,1.0,4.0,relabel,128,evidence_margin,-0.0063
local_tight,0.0,4.0,accept,531,sim_at_1,0.9468
local_tight,0.0,4.0,accept,531,agreement_at_k,0.9533
local_tight,0.0,4.0,accept,531,class_margin,0.1021
local_tight,0.0,4.0,accept,531,evidence_margin,-0.0019
local_tight,0.0,4.0,adjust,403,sim_at_1,0.9433
local_tight,0.0,4.0,adjust,403,agreement_at_k,0.9385
local_tight,0.0,4.0,adjust,403,class_margin,0.0988
local_tight,0.0,4.0,adjust,403,evidence_margin,-0.0041
local_tight,0.0,4.0,reject_background,174,sim_at_1,0.8514
local_tight,0.0,4.0,reject_background,174,agreement_at_k,0.1241
local_tight,0.0,4.0,reject_background,174,class_margin,-0.0745
local_tight,0.0,4.0,reject_background,174,evidence_margin,-0.0557
local_tight,0.0,4.0,reject_localisation,530,sim_at_1,0.943
local_tight,0.0,4.0,reject_localisation,530,agreement_at_k,0.9449
local_tight,0.0,4.0,reject_localisation,530,class_margin,0.0981
local_tight,0.0,4.0,reject_localisation,530,evidence_margin,-0.0033
local_tight,0.0,4.0,relabel,128,sim_at_1,0.9428
local_tight,0.0,4.0,relabel,128,agreement_at_k,0.0375
local_tight,0.0,4.0,relabel,128,class_margin,-0.1339
local_tight,0.0,4.0,relabel,128,evidence_margin,-0.004
local_tight,0.25,4.0,accept,531,sim_at_1,0.9452
local_tight,0.25,4.0,accept,531,agreement_at_k,0.9985
local_tight,0.25,4.0,accept,531,class_margin,0.1127
local_tight,0.25,4.0,accept,531,evidence_margin,0.0029
local_tight,0.25,4.0,adjust,403,sim_at_1,0.9373
local_tight,0.25,4.0,adjust,403,agreement_at_k,0.9931
local_tight,0.25,4.0,adjust,403,class_margin,0.1053
local_tight,0.25,4.0,adjust,403,evidence_margin,-0.0027
local_tight,0.25,4.0,reject_background,174,sim_at_1,0.8419
local_tight,0.25,4.0,reject_background,174,agreement_at_k,0.1264
local_tight,0.25,4.0,reject_background,174,class_margin,-0.0602
local_tight,0.25,4.0,reject_background,174,evidence_margin,-0.0592
local_tight,0.25,4.0,reject_localisation,530,sim_at_1,0.9272
local_tight,0.25,4.0,reject_localisation,530,agreement_at_k,0.9811
local_tight,0.25,4.0,reject_localisation,530,class_margin,0.0913
local_tight,0.25,4.0,reject_localisation,530,evidence_margin,-0.0122
local_tight,0.25,4.0,relabel,128,sim_at_1,0.9373
local_tight,0.25,4.0,relabel,128,agreement_at_k,0.0047
local_tight,0.25,4.0,relabel,128,class_margin,-0.1364
local_tight,0.25,4.0,relabel,128,evidence_margin,-0.0021
local_tight,0.5,4.0,accept,531,sim_at_1,0.9481
local_tight,0.5,4.0,accept,531,agreement_at_k,0.9985
local_tight,0.5,4.0,accept,531,class_margin,0.1186
local_tight,0.5,4.0,accept,531,evidence_margin,0.0047
local_tight,0.5,4.0,adjust,403,sim_at_1,0.9369
local_tight,0.5,4.0,adjust,403,agreement_at_k,0.9985
local_tight,0.5,4.0,adjust,403,class_margin,0.1075
local_tight,0.5,4.0,adjust,403,evidence_margin,-0.0039
local_tight,0.5,4.0,reject_background,174,sim_at_1,0.8502
local_tight,0.5,4.0,reject_background,174,agreement_at_k,0.131
local_tight,0.5,4.0,reject_background,174,class_margin,-0.052
local_tight,0.5,4.0,reject_background,174,evidence_margin,-0.0559
local_tight,0.5,4.0,reject_localisation,530,sim_at_1,0.9199
local_tight,0.5,4.0,reject_localisation,530,agreement_at_k,0.9804
local_tight,0.5,4.0,reject_localisation,530,class_margin,0.0803
local_tight,0.5,4.0,reject_localisation,530,evidence_margin,-0.0196
local_tight,0.5,4.0,relabel,128,sim_at_1,0.9376
local_tight,0.5,4.0,relabel,128,agreement_at_k,0.0031
local_tight,0.5,4.0,relabel,128,class_margin,-0.137
local_tight,0.5,4.0,relabel,128,evidence_margin,-0.0019
local_tight,0.75,4.0,accept,531,sim_at_1,0.9548
local_tight,0.75,4.0,accept,531,agreement_at_k,0.9989
local_tight,0.75,4.0,accept,531,class_margin,0.1161
local_tight,0.75,4.0,accept,531,evidence_margin,0.0056
local_tight,0.75,4.0,adjust,403,sim_at_1,0.9415
local_tight,0.75,4.0,adjust,403,agreement_at_k,0.998
local_tight,0.75,4.0,adjust,403,class_margin,0.1013
local_tight,0.75,4.0,adjust,403,evidence_margin,-0.0054
local_tight,0.75,4.0,reject_background,174,sim_at_1,0.8709
local_tight,0.75,4.0,reject_background,174,agreement_at_k,0.1138
local_tight,0.75,4.0,reject_background,174,class_margin,-0.046
local_tight,0.75,4.0,reject_background,174,evidence_margin,-0.0492
local_tight,0.75,4.0,reject_localisation,530,sim_at_1,0.9207
local_tight,0.75,4.0,reject_localisation,530,agreement_at_k,0.9555
local_tight,0.75,4.0,reject_localisation,530,class_margin,0.0617
local_tight,0.75,4.0,reject_localisation,530,evidence_margin,-0.0238
local_tight,0.75,4.0,relabel,128,sim_at_1,0.9426
local_tight,0.75,4.0,relabel,128,agreement_at_k,0.0
local_tight,0.75,4.0,relabel,128,class_margin,-0.1325
local_tight,0.75,4.0,relabel,128,evidence_margin,-0.0026
local_tight,1.0,4.0,accept,531,sim_at_1,0.9693
local_tight,1.0,4.0,accept,531,agreement_at_k,0.9962
local_tight,1.0,4.0,accept,531,class_margin,0.102
local_tight,1.0,4.0,accept,531,evidence_margin,0.0047
local_tight,1.0,4.0,adjust,403,sim_at_1,0.9563
local_tight,1.0,4.0,adjust,403,agreement_at_k,0.9871
local_tight,1.0,4.0,adjust,403,class_margin,0.0853
local_tight,1.0,4.0,adjust,403,evidence_margin,-0.0066
local_tight,1.0,4.0,reject_background,174,sim_at_1,0.9105
local_tight,1.0,4.0,reject_background,174,agreement_at_k,0.0966
local_tight,1.0,4.0,reject_background,174,class_margin,-0.0455
local_tight,1.0,4.0,reject_background,174,evidence_margin,-0.0372
local_tight,1.0,4.0,reject_localisation,530,sim_at_1,0.9366
local_tight,1.0,4.0,reject_localisation,530,agreement_at_k,0.7823
local_tight,1.0,4.0,reject_localisation,530,class_margin,0.0363
local_tight,1.0,4.0,reject_localisation,530,evidence_margin,-0.0228
local_tight,1.0,4.0,relabel,128,sim_at_1,0.9568
local_tight,1.0,4.0,relabel,128,agreement_at_k,0.0
local_tight,1.0,4.0,relabel,128,class_margin,-0.1222
local_tight,1.0,4.0,relabel,128,evidence_margin,-0.0041
local,0.5,2.0,accept,531,sim_at_1,0.9553
local,0.5,2.0,accept,531,agreement_at_k,0.9992
local,0.5,2.0,accept,531,class_margin,0.1254
local,0.5,2.0,accept,531,evidence_margin,0.0029
local,0.5,2.0,adjust,403,sim_at_1,0.9456
local,0.5,2.0,adjust,403,agreement_at_k,0.9985
local,0.5,2.0,adjust,403,class_margin,0.1221
local,0.5,2.0,adjust,403,evidence_margin,-0.005
local,0.5,2.0,reject_background,174,sim_at_1,0.8412
local,0.5,2.0,reject_background,174,agreement_at_k,0.1195
local,0.5,2.0,reject_background,174,class_margin,-0.0567
local,0.5,2.0,reject_background,174,evidence_margin,-0.0668
local,0.5,2.0,reject_localisation,530,sim_at_1,0.9206
local,0.5,2.0,reject_localisation,530,agreement_at_k,0.986
local,0.5,2.0,reject_localisation,530,class_margin,0.093
local,0.5,2.0,reject_localisation,530,evidence_margin,-0.0257
local,0.5,2.0,relabel,128,sim_at_1,0.9431
local,0.5,2.0,relabel,128,agreement_at_k,0.0047
local,0.5,2.0,relabel,128,class_margin,-0.1634
local,0.5,2.0,relabel,128,evidence_margin,-0.0064
local,0.5,8.0,accept,531,sim_at_1,0.943
local,0.5,8.0,accept,531,agreement_at_k,0.9989
local,0.5,8.0,accept,531,class_margin,0.1224
local,0.5,8.0,accept,531,evidence_margin,0.003
local,0.5,8.0,adjust,403,sim_at_1,0.9356
local,0.5,8.0,adjust,403,agreement_at_k,0.999
local,0.5,8.0,adjust,403,class_margin,0.1183
local,0.5,8.0,adjust,403,evidence_margin,-0.0035
local,0.5,8.0,reject_background,174,sim_at_1,0.835
local,0.5,8.0,reject_background,174,agreement_at_k,0.1333
local,0.5,8.0,reject_background,174,class_margin,-0.055
local,0.5,8.0,reject_background,174,evidence_margin,-0.0644
local,0.5,8.0,reject_localisation,530,sim_at_1,0.9149
local,0.5,8.0,reject_localisation,530,agreement_at_k,0.9875
local,0.5,8.0,reject_localisation,530,class_margin,0.0947
local,0.5,8.0,reject_localisation,530,evidence_margin,-0.0206
local,0.5,8.0,relabel,128,sim_at_1,0.9327
local,0.5,8.0,relabel,128,agreement_at_k,0.0063
local,0.5,8.0,relabel,128,class_margin,-0.1447
local,0.5,8.0,relabel,128,evidence_margin,-0.0043
