proposal_id,image_uid,predicted_class,verified_class,detector_confidence,verdict,iou,xmin,ymin,xmax,ymax
detector:nwpu_background_035_det000,nwpu_background_035,vehicle,,0.07150159031152725,reject_background,0.0,385,90,425,125
detector:nwpu_background_053_det000,nwpu_background_053,ship,,0.18959273397922516,reject_background,0.0,87,384,154,429
detector:nwpu_background_053_det001,nwpu_background_053,bridge,,0.05526365339756012,reject_background,0.0,0,503,74,563
detector:nwpu_background_096_det000,nwpu_background_096,bridge,,0.056784797459840775,reject_background,0.0,832,186,916,334
detector:nwpu_background_107_det000,nwpu_background_107,bridge,,0.08761604875326157,reject_background,0.0,641,176,789,361
detector:nwpu_background_114_det000,nwpu_background_114,harbor,,0.30582842230796814,reject_background,0.0,155,199,194,314
detector:nwpu_background_114_det001,nwpu_background_114,harbor,,0.11126020550727844,reject_background,0.0,120,434,175,548
detector:nwpu_background_116_det000,nwpu_background_116,baseball_diamond,,0.619670033454895,reject_background,0.0,343,67,410,123
detector:nwpu_background_116_det001,nwpu_background_116,baseball_diamond,,0.1966131180524826,reject_background,0.0,231,41,304,97
detector:nwpu_background_120_det000,nwpu_background_120,storage_tank,,0.06002923473715782,reject_background,0.0,2,461,37,494
detector:nwpu_background_125_det000,nwpu_background_125,ship,,0.11469194293022156,reject_background,0.0,985,0,1003,53
detector:nwpu_background_142_det000,nwpu_background_142,baseball_diamond,,0.10096057504415512,reject_background,0.0,0,403,18,448
detector:nwpu_positive_005_det000,nwpu_positive_005,airplane,airplane,0.9197072982788086,accept,0.7805,608,142,675,202
detector:nwpu_positive_005_det001,nwpu_positive_005,airplane,airplane,0.8856370449066162,accept,0.83,402,593,446,637
detector:nwpu_positive_006_det000,nwpu_positive_006,airplane,airplane,0.9766750335693359,accept,0.8913,480,701,543,769
detector:nwpu_positive_006_det001,nwpu_positive_006,airplane,airplane,0.9326128363609314,accept,0.862,657,64,757,149
detector:nwpu_positive_006_det002,nwpu_positive_006,airplane,airplane,0.9324496388435364,accept,0.8229,136,411,190,472
detector:nwpu_positive_006_det003,nwpu_positive_006,airplane,airplane,0.9178492426872253,accept,0.7007,323,563,382,622
detector:nwpu_positive_006_det004,nwpu_positive_006,airplane,airplane,0.9075449109077454,accept,0.9231,446,323,536,431
detector:nwpu_positive_006_det005,nwpu_positive_006,airplane,airplane,0.8241265416145325,accept,0.8041,302,419,350,470
detector:nwpu_positive_006_det006,nwpu_positive_006,airplane,airplane,0.7120378017425537,accept,0.9115,370,361,415,417
detector:nwpu_positive_006_det007,nwpu_positive_006,airplane,airplane,0.662090539932251,accept,0.9051,610,168,706,253
detector:nwpu_positive_009_det000,nwpu_positive_009,airplane,airplane,0.9724340438842773,accept,0.8961,554,517,608,579
detector:nwpu_positive_009_det001,nwpu_positive_009,airplane,airplane,0.9223006963729858,accept,0.9109,169,184,235,240
detector:nwpu_positive_009_det002,nwpu_positive_009,airplane,airplane,0.9173799753189087,accept,0.8014,633,509,677,561
detector:nwpu_positive_009_det003,nwpu_positive_009,airplane,airplane,0.8433481454849243,accept,0.8325,720,223,791,290
detector:nwpu_positive_009_det004,nwpu_positive_009,airplane,airplane,0.8196797370910645,accept,0.844,425,148,456,175
detector:nwpu_positive_009_det005,nwpu_positive_009,airplane,airplane,0.8099648356437683,accept,0.8814,650,75,694,121
detector:nwpu_positive_010_det000,nwpu_positive_010,airplane,airplane,0.9476656913757324,accept,0.7694,224,49,268,97
detector:nwpu_positive_010_det001,nwpu_positive_010,airplane,airplane,0.9248355627059937,accept,0.8305,443,631,497,680
detector:nwpu_positive_010_det002,nwpu_positive_010,airplane,airplane,0.9131282567977905,accept,0.8234,213,347,265,396
detector:nwpu_positive_010_det003,nwpu_positive_010,airplane,airplane,0.8931136131286621,accept,0.927,847,77,929,150
detector:nwpu_positive_010_det004,nwpu_positive_010,airplane,airplane,0.8817798495292664,accept,0.9155,660,486,738,565
detector:nwpu_positive_010_det005,nwpu_positive_010,airplane,airplane,0.8649609684944153,accept,0.7934,149,254,199,295
detector:nwpu_positive_015_det000,nwpu_positive_015,airplane,airplane,0.952369213104248,accept,0.9243,736,29,822,117
detector:nwpu_positive_015_det001,nwpu_positive_015,airplane,airplane,0.920593798160553,accept,0.9124,776,342,873,437
detector:nwpu_positive_015_det002,nwpu_positive_015,airplane,airplane,0.9128690361976624,accept,0.8833,635,24,724,126
detector:nwpu_positive_015_det003,nwpu_positive_015,airplane,airplane,0.9001144766807556,accept,0.8253,394,486,507,583
detector:nwpu_positive_015_det004,nwpu_positive_015,airplane,airplane,0.8874709606170654,accept,0.826,150,290,234,391
detector:nwpu_positive_015_det005,nwpu_positive_015,airplane,airplane,0.8871325850486755,accept,0.8056,539,32,626,132
detector:nwpu_positive_015_det006,nwpu_positive_015,airplane,airplane,0.8464045524597168,accept,0.7911,54,296,151,397
detector:nwpu_positive_022_det000,nwpu_positive_022,airplane,airplane,0.9675539135932922,accept,0.9585,989,250,1055,322
detector:nwpu_positive_022_det001,nwpu_positive_022,airplane,airplane,0.9537277817726135,accept,0.9125,736,333,797,401
detector:nwpu_positive_022_det002,nwpu_positive_022,airplane,airplane,0.9516497850418091,accept,0.8587,630,261,699,333
detector:nwpu_positive_022_det003,nwpu_positive_022,airplane,airplane,0.9449889063835144,accept,0.8466,520,118,582,183
detector:nwpu_positive_022_det004,nwpu_positive_022,airplane,airplane,0.9422891736030579,accept,0.817,35,308,97,373
detector:nwpu_positive_022_det005,nwpu_positive_022,airplane,airplane,0.936711847782135,accept,0.782,330,141,384,194
detector:nwpu_positive_022_det006,nwpu_positive_022,airplane,airplane,0.9311964511871338,accept,0.8369,763,113,826,179
detector:nwpu_positive_022_det007,nwpu_positive_022,airplane,airplane,0.9255138039588928,accept,0.8575,232,130,304,210
detector:nwpu_positive_022_det008,nwpu_positive_022,airplane,airplane,0.9210831522941589,adjust,0.6916,1016,13,1071,64
detector:nwpu_positive_022_det009,nwpu_positive_022,airplane,airplane,0.9188542366027832,accept,0.8144,245,285,320,362
detector:nwpu_positive_022_det010,nwpu_positive_022,airplane,airplane,0.9164514541625977,accept,0.7284,1070,251,1129,319
detector:nwpu_positive_022_det011,nwpu_positive_022,airplane,airplane,0.9084212779998779,accept,0.9069,168,142,224,203
detector:nwpu_positive_022_det012,nwpu_positive_022,airplane,airplane,0.9044548273086548,accept,0.8262,1026,99,1079,154
detector:nwpu_positive_022_det013,nwpu_positive_022,airplane,airplane,0.9029353260993958,accept,0.8278,882,368,967,432
detector:nwpu_positive_022_det014,nwpu_positive_022,airplane,airplane,0.8999487161636353,accept,0.9441,541,268,608,343
detector:nwpu_positive_022_det015,nwpu_positive_022,airplane,airplane,0.8549745082855225,accept,0.7711,31,150,85,212
detector:nwpu_positive_022_det016,nwpu_positive_022,airplane,airplane,0.851473331451416,accept,0.8582,341,283,402,351
detector:nwpu_positive_022_det017,nwpu_positive_022,airplane,,0.14757497608661652,reject_background,0.0,871,99,902,124
detector:nwpu_positive_022_det018,nwpu_positive_022,airplane,,0.1105663999915123,reject_background,0.0,638,115,667,146
detector:nwpu_positive_022_det019,nwpu_positive_022,airplane,,0.10443361103534698,reject_background,0.0,881,310,909,337
detector:nwpu_positive_022_det020,nwpu_positive_022,airplane,airplane,0.09257195144891739,reject_localisation,0.0272,970,309,998,334
detector:nwpu_positive_022_det021,nwpu_positive_022,airplane,,0.07790370285511017,reject_background,0.0,454,138,491,171
detector:nwpu_positive_022_det022,nwpu_positive_022,airplane,,0.05653984099626541,reject_background,0.0,0,175,23,257
detector:nwpu_positive_035_det000,nwpu_positive_035,airplane,airplane,0.9562594294548035,accept,0.873,710,419,793,494
detector:nwpu_positive_035_det001,nwpu_positive_035,airplane,airplane,0.9432015419006348,accept,0.832,245,129,329,203
detector:nwpu_positive_035_det002,nwpu_positive_035,airplane,airplane,0.9238154292106628,accept,0.9117,243,415,340,492
detector:nwpu_positive_035_det003,nwpu_positive_035,airplane,airplane,0.9235233068466187,accept,0.8198,84,48,180,132
detector:nwpu_positive_035_det004,nwpu_positive_035,airplane,airplane,0.9215571880340576,accept,0.8179,238,34,315,109
detector:nwpu_positive_035_det005,nwpu_positive_035,airplane,airplane,0.9198775291442871,accept,0.7633,712,311,794,378
detector:nwpu_positive_035_det006,nwpu_positive_035,airplane,airplane,0.9161078333854675,accept,0.8017,935,514,1018,595
detector:nwpu_positive_035_det007,nwpu_positive_035,airplane,airplane,0.913564145565033,accept,0.8119,66,323,157,395
detector:nwpu_positive_035_det008,nwpu_positive_035,airplane,airplane,0.909267008304596,accept,0.9277,480,513,561,589
detector:nwpu_positive_035_det009,nwpu_positive_035,airplane,airplane,0.9066658020019531,accept,0.7923,930,120,1023,191
detector:nwpu_positive_035_det010,nwpu_positive_035,airplane,airplane,0.9066413044929504,accept,0.8186,943,212,1023,285
detector:nwpu_positive_035_det011,nwpu_positive_035,airplane,airplane,0.9009875059127808,accept,0.766,476,417,561,488
detector:nwpu_positive_035_det012,nwpu_positive_035,airplane,airplane,0.8977354764938354,accept,0.8612,243,514,336,588
detector:nwpu_positive_035_det013,nwpu_positive_035,airplane,airplane,0.8977342844009399,accept,0.8946,712,117,793,193
detector:nwpu_positive_035_det014,nwpu_positive_035,airplane,airplane,0.8929071426391602,accept,0.812,243,226,338,297
detector:nwpu_positive_035_det015,nwpu_positive_035,airplane,airplane,0.883324921131134,accept,0.8628,68,231,160,304
detector:nwpu_positive_035_det016,nwpu_positive_035,airplane,airplane,0.8656145334243774,accept,0.8931,242,317,312,393
detector:nwpu_positive_035_det017,nwpu_positive_035,airplane,airplane,0.8583488464355469,accept,0.8311,717,19,781,94
detector:nwpu_positive_035_det018,nwpu_positive_035,airplane,airplane,0.8417516946792603,accept,0.7297,939,312,1019,381
detector:nwpu_positive_035_det019,nwpu_positive_035,airplane,,0.18740597367286682,reject_background,0.0,1053,72,1079,115
detector:nwpu_positive_035_det020,nwpu_positive_035,airplane,,0.14623256027698517,reject_background,0.0,179,153,202,191
detector:nwpu_positive_035_det021,nwpu_positive_035,airplane,,0.07849449664354324,reject_background,0.0,1052,63,1079,110
detector:nwpu_positive_038_det000,nwpu_positive_038,airplane,airplane,0.9482388496398926,accept,0.9383,860,406,965,489
detector:nwpu_positive_038_det001,nwpu_positive_038,airplane,airplane,0.9482210278511047,accept,0.8177,340,180,423,258
detector:nwpu_positive_038_det002,nwpu_positive_038,airplane,airplane,0.9233568906784058,accept,0.8157,326,269,428,345
detector:nwpu_positive_038_det003,nwpu_positive_038,airplane,airplane,0.9136698246002197,accept,0.8802,636,334,746,426
detector:nwpu_positive_038_det004,nwpu_positive_038,airplane,airplane,0.8892553448677063,accept,0.8776,628,99,705,169
detector:nwpu_positive_038_det005,nwpu_positive_038,airplane,airplane,0.8845254778862,accept,0.9106,258,58,336,145
detector:nwpu_positive_038_det006,nwpu_positive_038,airplane,airplane,0.871234655380249,accept,0.8421,340,361,421,437
detector:nwpu_positive_038_det007,nwpu_positive_038,airplane,airplane,0.8709992170333862,accept,0.8481,850,234,955,315
detector:nwpu_positive_038_det008,nwpu_positive_038,airplane,airplane,0.870540201663971,accept,0.8308,353,541,437,615
detector:nwpu_positive_038_det009,nwpu_positive_038,airplane,airplane,0.868096649646759,accept,0.8791,73,63,157,171
detector:nwpu_positive_038_det010,nwpu_positive_038,airplane,airplane,0.8538953065872192,accept,0.855,626,176,706,254
detector:nwpu_positive_038_det011,nwpu_positive_038,airplane,airplane,0.8531886339187622,accept,0.8281,777,35,851,116
detector:nwpu_positive_038_det012,nwpu_positive_038,airplane,airplane,0.8279099464416504,accept,0.8344,78,449,184,541
detector:nwpu_positive_038_det013,nwpu_positive_038,airplane,airplane,0.7573326230049133,accept,0.7984,73,257,157,328
detector:nwpu_positive_038_det014,nwpu_positive_038,airplane,,0.27953222393989563,reject_background,0.0,838,133,886,178
detector:nwpu_positive_038_det015,nwpu_positive_038,airplane,airplane,0.19996018707752228,reject_localisation,0.0026,174,533,223,578
detector:nwpu_positive_038_det016,nwpu_positive_038,airplane,,0.17663414776325226,reject_background,0.0,866,544,907,588
detector:nwpu_positive_038_det017,nwpu_positive_038,airplane,airplane,0.1515582799911499,reject_localisation,0.0773,835,205,892,249
detector:nwpu_positive_044_det000,nwpu_positive_044,airplane,airplane,0.9461328983306885,adjust,0.686,216,207,280,278
detector:nwpu_positive_044_det001,nwpu_positive_044,airplane,airplane,0.9412383437156677,accept,0.8132,647,361,720,444
detector:nwpu_positive_044_det002,nwpu_positive_044,airplane,airplane,0.9328984618186951,accept,0.8357,649,154,733,244
detector:nwpu_positive_044_det003,nwpu_positive_044,airplane,airplane,0.9288573265075684,accept,0.895,480,151,559,246
detector:nwpu_positive_044_det004,nwpu_positive_044,airplane,airplane,0.925134003162384,accept,0.9393,375,518,464,613
detector:nwpu_positive_044_det005,nwpu_positive_044,airplane,airplane,0.9238060712814331,accept,0.836,375,27,434,89
detector:nwpu_positive_044_det006,nwpu_positive_044,airplane,airplane,0.9211541414260864,accept,0.7781,287,27,355,100
detector:nwpu_positive_044_det007,nwpu_positive_044,airplane,airplane,0.9203290939331055,accept,0.811,881,356,940,423
detector:nwpu_positive_044_det008,nwpu_positive_044,airplane,airplane,0.9162565469741821,accept,0.9063,772,507,854,608
detector:nwpu_positive_044_det009,nwpu_positive_044,airplane,airplane,0.9147804379463196,accept,0.8146,18,192,83,246
detector:nwpu_positive_044_det010,nwpu_positive_044,airplane,airplane,0.912298858165741,accept,0.8227,405,159,466,229
detector:nwpu_positive_044_det011,nwpu_positive_044,airplane,airplane,0.9077081084251404,accept,0.8297,40,293,109,368
detector:nwpu_positive_044_det012,nwpu_positive_044,airplane,airplane,0.903137743473053,accept,0.7578,545,357,617,443
detector:nwpu_positive_044_det013,nwpu_positive_044,airplane,airplane,0.8990306854248047,accept,0.8695,316,172,378,242
detector:nwpu_positive_044_det014,nwpu_positive_044,airplane,airplane,0.8980115652084351,accept,0.8388,128,39,197,106
detector:nwpu_positive_044_det015,nwpu_positive_044,airplane,airplane,0.8955997228622437,accept,0.8065,674,503,757,600
detector:nwpu_positive_044_det016,nwpu_positive_044,airplane,airplane,0.8841355443000793,accept,0.7389,215,50,259,97
detector:nwpu_positive_044_det017,nwpu_positive_044,airplane,airplane,0.8833115100860596,accept,0.8404,484,520,559,599
detector:nwpu_positive_044_det018,nwpu_positive_044,airplane,airplane,0.8825361728668213,accept,0.8913,578,174,636,235
detector:nwpu_positive_044_det019,nwpu_positive_044,airplane,airplane,0.8716844320297241,accept,0.7427,447,359,522,442
detector:nwpu_positive_044_det020,nwpu_positive_044,airplane,airplane,0.862156331539154,accept,0.8277,575,509,656,598
detector:nwpu_positive_044_det021,nwpu_positive_044,airplane,airplane,0.8569637537002563,accept,0.7188,69,116,146,172
detector:nwpu_positive_044_det022,nwpu_positive_044,airplane,airplane,0.8422024250030518,accept,0.758,357,359,422,443
detector:nwpu_positive_044_det023,nwpu_positive_044,airplane,airplane,0.7747050523757935,adjust,0.6914,126,335,189,404
detector:nwpu_positive_044_det024,nwpu_positive_044,airplane,airplane,0.6346198320388794,adjust,0.4175,126,360,180,406
detector:nwpu_positive_044_det025,nwpu_positive_044,airplane,airplane,0.5259858965873718,reject_localisation,0.014,321,434,364,481
detector:nwpu_positive_044_det026,nwpu_positive_044,airplane,airplane,0.4900156259536743,accept,0.7062,866,192,906,242
detector:nwpu_positive_044_det027,nwpu_positive_044,airplane,,0.17765392363071442,reject_background,0.0,865,507,919,549
detector:nwpu_positive_044_det028,nwpu_positive_044,airplane,,0.12411230802536011,reject_background,0.0,990,352,999,401
detector:nwpu_positive_044_det029,nwpu_positive_044,airplane,airplane,0.08888483792543411,reject_localisation,0.2218,143,328,183,361
detector:nwpu_positive_044_det030,nwpu_positive_044,airplane,,0.07089788466691971,reject_background,0.0,989,357,999,415
detector:nwpu_positive_048_det000,nwpu_positive_048,airplane,airplane,0.9523304104804993,accept,0.914,139,173,215,235
detector:nwpu_positive_048_det001,nwpu_positive_048,airplane,airplane,0.898453414440155,accept,0.7955,120,58,226,156
detector:nwpu_positive_048_det002,nwpu_positive_048,airplane,airplane,0.8885372281074524,adjust,0.6897,582,523,668,605
detector:nwpu_positive_048_det003,nwpu_positive_048,airplane,airplane,0.8862131834030151,accept,0.8566,345,296,424,360
detector:nwpu_positive_048_det004,nwpu_positive_048,airplane,airplane,0.8802326321601868,accept,0.8257,23,213,135,353
detector:nwpu_positive_048_det005,nwpu_positive_048,airplane,airplane,0.8624914884567261,adjust,0.6907,325,113,409,182
detector:nwpu_positive_048_det006,nwpu_positive_048,airplane,airplane,0.8603889346122742,accept,0.849,185,481,257,549
detector:nwpu_positive_048_det007,nwpu_positive_048,airplane,airplane,0.8154768347740173,accept,0.8045,316,34,397,104
detector:nwpu_positive_048_det008,nwpu_positive_048,storage_tank,,0.5219861268997192,reject_background,0.0,268,275,305,309
detector:nwpu_positive_048_det009,nwpu_positive_048,storage_tank,,0.26154786348342896,reject_background,0.0,624,230,666,267
detector:nwpu_positive_048_det010,nwpu_positive_048,airplane,,0.20024363696575165,reject_background,0.0,539,15,575,46
detector:nwpu_positive_048_det011,nwpu_positive_048,airplane,,0.08334065228700638,reject_background,0.0,221,227,261,270
detector:nwpu_positive_058_det000,nwpu_positive_058,airplane,airplane,0.9576022028923035,accept,0.8021,660,435,702,485
detector:nwpu_positive_058_det001,nwpu_positive_058,airplane,airplane,0.9503621459007263,accept,0.8429,526,652,574,712
detector:nwpu_positive_058_det002,nwpu_positive_058,airplane,airplane,0.9274211525917053,accept,0.8716,229,353,301,408
detector:nwpu_positive_058_det003,nwpu_positive_058,airplane,airplane,0.9258346557617188,accept,0.8767,596,429,643,481
detector:nwpu_positive_058_det004,nwpu_positive_058,airplane,airplane,0.9191771149635315,accept,0.8968,20,556,93,613
detector:nwpu_positive_058_det005,nwpu_positive_058,airplane,airplane,0.9156618714332581,accept,0.8925,340,509,416,575
detector:nwpu_positive_058_det006,nwpu_positive_058,airplane,airplane,0.9003139138221741,accept,0.7802,826,569,895,624
detector:nwpu_positive_058_det007,nwpu_positive_058,airplane,airplane,0.8959239721298218,accept,0.9219,165,476,243,544
detector:nwpu_positive_058_det008,nwpu_positive_058,airplane,airplane,0.8928886651992798,accept,0.8273,361,625,416,701
detector:nwpu_positive_058_det009,nwpu_positive_058,airplane,airplane,0.8779305815696716,accept,0.8942,75,463,152,526
detector:nwpu_positive_058_det010,nwpu_positive_058,airplane,airplane,0.8549093008041382,accept,0.8394,434,634,491,715
detector:nwpu_positive_058_det011,nwpu_positive_058,airplane,airplane,0.840271532535553,accept,0.9207,141,333,210,389
detector:nwpu_positive_060_det000,nwpu_positive_060,airplane,airplane,0.8933813571929932,accept,0.8586,80,628,178,712
detector:nwpu_positive_060_det001,nwpu_positive_060,airplane,airplane,0.8817543387413025,accept,0.8613,531,66,594,119
detector:nwpu_positive_075_det000,nwpu_positive_075,airplane,airplane,0.977415144443512,accept,0.8281,732,434,805,503
detector:nwpu_positive_075_det001,nwpu_positive_075,airplane,airplane,0.9193685054779053,accept,0.8232,491,435,536,480
detector:nwpu_positive_075_det002,nwpu_positive_075,airplane,airplane,0.8562186360359192,accept,0.887,163,315,236,390
detector:nwpu_positive_075_det003,nwpu_positive_075,airplane,airplane,0.822306752204895,accept,0.8922,794,514,883,595
detector:nwpu_positive_081_det000,nwpu_positive_081,baseball_diamond,baseball_diamond,0.9631509184837341,accept,0.9084,253,388,323,463
detector:nwpu_positive_081_det001,nwpu_positive_081,baseball_diamond,baseball_diamond,0.9445381760597229,accept,0.8712,831,208,906,286
detector:nwpu_positive_081_det002,nwpu_positive_081,baseball_diamond,baseball_diamond,0.9356838464736938,accept,0.9526,812,483,891,567
detector:nwpu_positive_081_det003,nwpu_positive_081,tennis_court,tennis_court,0.9060932993888855,accept,0.7812,649,219,686,281
detector:nwpu_positive_081_det004,nwpu_positive_081,tennis_court,tennis_court,0.897917628288269,accept,0.8166,654,336,690,394
detector:nwpu_positive_081_det005,nwpu_positive_081,baseball_diamond,,0.8449211716651917,reject_background,0.0,411,259,464,314
detector:nwpu_positive_081_det006,nwpu_positive_081,baseball_diamond,,0.8026065826416016,reject_background,0.0,368,537,418,596
detector:nwpu_positive_081_det007,nwpu_positive_081,tennis_court,tennis_court,0.7740189433097839,accept,0.8553,650,278,688,334
detector:nwpu_positive_081_det008,nwpu_positive_081,baseball_diamond,,0.6972277760505676,reject_background,0.0,302,541,356,599
detector:nwpu_positive_081_det009,nwpu_positive_081,tennis_court,tennis_court,0.4704854488372803,accept,0.8524,649,167,683,224
detector:nwpu_positive_081_det010,nwpu_positive_081,baseball_diamond,,0.10503250360488892,reject_background,0.0,137,49,253,148
detector:nwpu_positive_081_det011,nwpu_positive_081,baseball_diamond,,0.07904087752103806,reject_background,0.0,764,128,808,172
detector:nwpu_positive_081_det012,nwpu_positive_081,tennis_court,,0.05731741338968277,reject_background,0.0,462,68,511,155
detector:nwpu_positive_081_det013,nwpu_positive_081,tennis_court,tennis_court,0.0542355552315712,accept,0.8296,642,55,678,108
detector:nwpu_positive_100_det000,nwpu_positive_100,baseball_diamond,baseball_diamond,0.7521268725395203,accept,0.8832,327,245,430,363
detector:nwpu_positive_103_det000,nwpu_positive_103,baseball_diamond,baseball_diamond,0.9186505675315857,accept,0.7966,349,215,466,311
detector:nwpu_positive_103_det001,nwpu_positive_103,baseball_diamond,baseball_diamond,0.9169077277183533,accept,0.7407,596,327,669,390
detector:nwpu_positive_103_det002,nwpu_positive_103,baseball_diamond,baseball_diamond,0.9119065403938293,accept,0.802,96,312,214,408
detector:nwpu_positive_103_det003,nwpu_positive_103,baseball_diamond,,0.129163920879364,reject_background,0.0,227,103,306,156
detector:nwpu_positive_112_det000,nwpu_positive_112,baseball_diamond,baseball_diamond,0.9788466095924377,accept,0.9551,376,269,444,329
detector:nwpu_positive_112_det001,nwpu_positive_112,baseball_diamond,baseball_diamond,0.9605321884155273,accept,0.8866,732,113,833,207
detector:nwpu_positive_112_det002,nwpu_positive_112,baseball_diamond,baseball_diamond,0.9566990733146667,accept,0.8774,490,171,551,229
detector:nwpu_positive_112_det003,nwpu_positive_112,baseball_diamond,baseball_diamond,0.9370091557502747,accept,0.8853,677,30,767,136
detector:nwpu_positive_112_det004,nwpu_positive_112,baseball_diamond,baseball_diamond,0.9102826714515686,accept,0.9461,364,123,437,194
detector:nwpu_positive_112_det005,nwpu_positive_112,baseball_diamond,baseball_diamond,0.9065060019493103,accept,0.9444,512,54,566,107
detector:nwpu_positive_112_det006,nwpu_positive_112,baseball_diamond,baseball_diamond,0.9002898931503296,accept,0.9587,511,247,582,318
detector:nwpu_positive_112_det007,nwpu_positive_112,baseball_diamond,baseball_diamond,0.8824845552444458,accept,0.8219,477,327,536,394
detector:nwpu_positive_112_det008,nwpu_positive_112,baseball_diamond,baseball_diamond,0.26682043075561523,adjust,0.6115,458,330,535,399
detector:nwpu_positive_114_det000,nwpu_positive_114,baseball_diamond,baseball_diamond,0.9510385394096375,accept,0.8725,400,221,485,294
detector:nwpu_positive_114_det001,nwpu_positive_114,baseball_diamond,baseball_diamond,0.9361687302589417,accept,0.8026,159,188,249,262
detector:nwpu_positive_114_det002,nwpu_positive_114,baseball_diamond,baseball_diamond,0.9274399280548096,accept,0.7998,330,322,418,402
detector:nwpu_positive_114_det003,nwpu_positive_114,baseball_diamond,baseball_diamond,0.8190112709999084,accept,0.8264,155,328,276,434
detector:nwpu_positive_114_det004,nwpu_positive_114,baseball_diamond,baseball_diamond,0.804116427898407,accept,0.891,289,126,420,221
detector:nwpu_positive_117_det000,nwpu_positive_117,baseball_diamond,baseball_diamond,0.9664148092269897,adjust,0.5868,350,277,418,337
detector:nwpu_positive_117_det001,nwpu_positive_117,baseball_diamond,baseball_diamond,0.9474799036979675,accept,0.7526,318,153,421,239
detector:nwpu_positive_117_det002,nwpu_positive_117,baseball_diamond,baseball_diamond,0.9440008997917175,accept,0.7968,471,177,534,233
detector:nwpu_positive_117_det003,nwpu_positive_117,baseball_diamond,baseball_diamond,0.9154965877532959,accept,0.8235,470,274,536,334
detector:nwpu_positive_118_det000,nwpu_positive_118,baseball_diamond,baseball_diamond,0.9369502067565918,accept,0.9512,483,144,583,242
detector:nwpu_positive_118_det001,nwpu_positive_118,storage_tank,,0.3063902258872986,reject_background,0.0,150,584,204,638
detector:nwpu_positive_142_det000,nwpu_positive_142,tennis_court,tennis_court,0.9615525007247925,accept,0.8603,152,132,226,215
detector:nwpu_positive_142_det001,nwpu_positive_142,tennis_court,tennis_court,0.9447782635688782,accept,0.7722,205,146,280,230
detector:nwpu_positive_142_det002,nwpu_positive_142,basketball_court,basketball_court,0.9432432055473328,accept,0.7351,111,240,230,319
detector:nwpu_positive_142_det003,nwpu_positive_142,basketball_court,basketball_court,0.9048284292221069,accept,0.7988,87,300,205,384
detector:nwpu_positive_142_det004,nwpu_positive_142,ground_track_field,,0.08425301313400269,reject_background,0.0,710,104,793,286
detector:nwpu_positive_145_det000,nwpu_positive_145,tennis_court,tennis_court,0.9465329051017761,accept,0.7725,487,305,562,391
detector:nwpu_positive_145_det001,nwpu_positive_145,tennis_court,tennis_court,0.9425965547561646,accept,0.8273,545,328,619,416
detector:nwpu_positive_145_det002,nwpu_positive_145,basketball_court,basketball_court,0.9152764081954956,accept,0.8864,533,242,645,317
detector:nwpu_positive_145_det003,nwpu_positive_145,tennis_court,tennis_court,0.8850813508033752,accept,0.8779,435,415,513,508
detector:nwpu_positive_145_det004,nwpu_positive_145,basketball_court,basketball_court,0.8819083571434021,accept,0.9121,556,193,666,269
detector:nwpu_positive_145_det005,nwpu_positive_145,tennis_court,tennis_court,0.8660542368888855,accept,0.9186,492,440,572,535
detector:nwpu_positive_145_det006,nwpu_positive_145,basketball_court,basketball_court,0.5255122184753418,adjust,0.4115,537,229,661,286
detector:nwpu_positive_160_det000,nwpu_positive_160,basketball_court,basketball_court,0.8632186055183411,accept,0.819,339,416,471,517
detector:nwpu_positive_161_det000,nwpu_positive_161,basketball_court,basketball_court,0.856617271900177,accept,0.949,37,403,131,466
detector:nwpu_positive_161_det001,nwpu_positive_161,basketball_court,basketball_court,0.6145979762077332,reject_localisation,0.0888,0,354,107,416
detector:nwpu_positive_162_det000,nwpu_positive_162,basketball_court,basketball_court,0.8738470077514648,accept,0.9565,390,235,496,313
detector:nwpu_positive_162_det001,nwpu_positive_162,basketball_court,basketball_court,0.7759289145469666,accept,0.7155,342,190,435,276
detector:nwpu_positive_162_det002,nwpu_positive_162,tennis_court,basketball_court,0.05815807357430458,reject_localisation,0.0595,422,300,459,330
detector:nwpu_positive_163_det000,nwpu_positive_163,basketball_court,basketball_court,0.9516342282295227,accept,0.9424,320,207,398,310
detector:nwpu_positive_163_det001,nwpu_positive_163,basketball_court,basketball_court,0.9243231415748596,accept,0.8398,305,137,424,200
detector:nwpu_positive_163_det002,nwpu_positive_163,basketball_court,basketball_court,0.12881596386432648,reject_localisation,0.0246,295,206,323,246
detector:nwpu_positive_163_det003,nwpu_positive_163,baseball_diamond,,0.11559591442346573,reject_background,0.0,872,186,916,279
detector:nwpu_positive_167_det000,nwpu_positive_167,bridge,bridge,0.4645369350910187,accept,0.77,295,188,416,267
detector:nwpu_positive_170_det000,nwpu_positive_170,ground_track_field,,0.9402869939804077,reject_background,0.0,143,100,243,279
detector:nwpu_positive_170_det001,nwpu_positive_170,bridge,bridge,0.8371825814247131,accept,0.7538,380,186,576,312
detector:nwpu_positive_170_det002,nwpu_positive_170,tennis_court,,0.12748725712299347,reject_background,0.0,129,49,178,77
detector:nwpu_positive_170_det003,nwpu_positive_170,tennis_court,,0.11405342072248459,reject_background,0.0,131,18,180,45
detector:nwpu_positive_170_det004,nwpu_positive_170,basketball_court,,0.0845968946814537,reject_background,0.0,130,18,179,45
detector:nwpu_positive_171_det000,nwpu_positive_171,bridge,bridge,0.9464541673660278,accept,0.8431,302,238,593,435
detector:nwpu_positive_180_det000,nwpu_positive_180,bridge,bridge,0.9695614576339722,accept,0.8118,323,163,538,396
detector:nwpu_positive_180_det001,nwpu_positive_180,bridge,bridge,0.9607856273651123,accept,0.723,209,191,324,370
detector:nwpu_positive_188_det000,nwpu_positive_188,bridge,bridge,0.9509654641151428,accept,0.7169,355,167,499,469
detector:nwpu_positive_188_det001,nwpu_positive_188,bridge,bridge,0.4779655635356903,reject_localisation,0.0118,479,160,527,238
detector:nwpu_positive_188_det002,nwpu_positive_188,bridge,bridge,0.08738520741462708,reject_localisation,0.3454,362,170,459,303
detector:nwpu_positive_208_det000,nwpu_positive_208,ground_track_field,ground_track_field,0.9246608018875122,accept,0.7919,293,57,667,214
detector:nwpu_positive_208_det001,nwpu_positive_208,tennis_court,tennis_court,0.7755669355392456,accept,0.7737,434,327,492,385
detector:nwpu_positive_220_det000,nwpu_positive_220,ground_track_field,ground_track_field,0.976585328578949,accept,0.9243,282,146,574,429
detector:nwpu_positive_234_det000,nwpu_positive_234,ground_track_field,ground_track_field,0.9524255394935608,accept,0.9089,97,66,350,324
detector:nwpu_positive_234_det001,nwpu_positive_234,baseball_diamond,baseball_diamond,0.9321047067642212,accept,0.8154,256,257,351,335
detector:nwpu_positive_234_det002,nwpu_positive_234,baseball_diamond,baseball_diamond,0.9092533588409424,accept,0.8466,407,234,499,314
detector:nwpu_positive_234_det003,nwpu_positive_234,baseball_diamond,baseball_diamond,0.8693349957466125,accept,0.8225,370,73,466,141
detector:nwpu_positive_234_det004,nwpu_positive_234,bridge,,0.11326303333044052,reject_background,0.0,724,232,853,382
detector:nwpu_positive_237_det000,nwpu_positive_237,ground_track_field,ground_track_field,0.9894647598266602,accept,0.9277,217,135,518,433
detector:nwpu_positive_237_det001,nwpu_positive_237,tennis_court,ground_track_field,0.10890866816043854,reject_localisation,0.0028,490,427,524,460
detector:nwpu_positive_237_det002,nwpu_positive_237,basketball_court,ground_track_field,0.0962401032447815,reject_localisation,0.0028,490,427,524,461
detector:nwpu_positive_237_det003,nwpu_positive_237,tennis_court,,0.05172860249876976,reject_background,0.0,511,436,555,475
detector:nwpu_positive_241_det000,nwpu_positive_241,ground_track_field,ground_track_field,0.9404464364051819,accept,0.845,274,96,496,327
detector:nwpu_positive_247_det000,nwpu_positive_247,ground_track_field,ground_track_field,0.9440003633499146,accept,0.9433,498,130,750,511
detector:nwpu_positive_247_det001,nwpu_positive_247,baseball_diamond,baseball_diamond,0.9235723614692688,adjust,0.6692,233,389,332,479
detector:nwpu_positive_247_det002,nwpu_positive_247,baseball_diamond,baseball_diamond,0.8901873230934143,accept,0.7932,337,20,459,105
detector:nwpu_positive_247_det003,nwpu_positive_247,baseball_diamond,baseball_diamond,0.7790389657020569,accept,0.7299,795,299,888,375
detector:nwpu_positive_247_det004,nwpu_positive_247,tennis_court,tennis_court,0.7454589605331421,adjust,0.5557,202,233,272,291
detector:nwpu_positive_247_det005,nwpu_positive_247,tennis_court,tennis_court,0.5290543437004089,accept,0.8763,157,192,220,253
detector:nwpu_positive_247_det006,nwpu_positive_247,tennis_court,tennis_court,0.4728001654148102,accept,0.7312,181,214,241,269
detector:nwpu_positive_247_det007,nwpu_positive_247,tennis_court,tennis_court,0.4544835388660431,adjust,0.5718,224,252,306,313
detector:nwpu_positive_247_det008,nwpu_positive_247,tennis_court,tennis_court,0.25511178374290466,adjust,0.5513,201,222,267,284
detector:nwpu_positive_247_det009,nwpu_positive_247,tennis_court,tennis_court,0.2456979602575302,adjust,0.6136,167,196,222,260
detector:nwpu_positive_247_det010,nwpu_positive_247,tennis_court,tennis_court,0.09935743361711502,adjust,0.5304,172,201,237,267
detector:nwpu_positive_247_det011,nwpu_positive_247,tennis_court,tennis_court,0.0604456327855587,adjust,0.4016,186,219,270,291
detector:nwpu_positive_247_det012,nwpu_positive_247,tennis_court,tennis_court,0.05839086323976517,reject_localisation,0.0941,130,181,173,217
detector:nwpu_positive_247_det013,nwpu_positive_247,tennis_court,tennis_court,0.05403514206409454,adjust,0.5458,217,244,283,310
detector:nwpu_positive_252_det000,nwpu_positive_252,ground_track_field,ground_track_field,0.979191243648529,accept,0.908,195,150,548,361
detector:nwpu_positive_252_det001,nwpu_positive_252,baseball_diamond,baseball_diamond,0.9209791421890259,accept,0.8584,357,21,440,89
detector:nwpu_positive_252_det002,nwpu_positive_252,tennis_court,tennis_court,0.916211724281311,adjust,0.6402,542,75,572,117
detector:nwpu_positive_252_det003,nwpu_positive_252,tennis_court,tennis_court,0.8847195506095886,adjust,0.6295,563,192,596,239
detector:nwpu_positive_252_det004,nwpu_positive_252,tennis_court,tennis_court,0.8420552015304565,accept,0.704,576,129,608,173
detector:nwpu_positive_252_det005,nwpu_positive_252,tennis_court,tennis_court,0.8324350118637085,adjust,0.5714,591,189,623,235
detector:nwpu_positive_252_det006,nwpu_positive_252,tennis_court,tennis_court,0.8156220316886902,adjust,0.6359,522,135,553,179
detector:nwpu_positive_252_det007,nwpu_positive_252,tennis_court,tennis_court,0.809679388999939,adjust,0.6935,549,133,581,175
detector:nwpu_positive_252_det008,nwpu_positive_252,tennis_court,tennis_court,0.5829418897628784,adjust,0.4917,521,77,545,119
detector:nwpu_positive_252_det009,nwpu_positive_252,tennis_court,tennis_court,0.2531373202800751,adjust,0.5215,497,139,525,181
detector:nwpu_positive_256_det000,nwpu_positive_256,ground_track_field,ground_track_field,0.9469801783561707,accept,0.8472,432,155,683,316
detector:nwpu_positive_256_det001,nwpu_positive_256,baseball_diamond,baseball_diamond,0.9458338618278503,accept,0.8711,339,269,425,340
detector:nwpu_positive_256_det002,nwpu_positive_256,baseball_diamond,baseball_diamond,0.9379183650016785,accept,0.7975,198,347,260,406
detector:nwpu_positive_256_det003,nwpu_positive_256,tennis_court,,0.052834585309028625,reject_background,0.0,787,411,810,470
detector:nwpu_positive_259_det000,nwpu_positive_259,ground_track_field,ground_track_field,0.9723973274230957,accept,0.9509,53,165,323,448
detector:nwpu_positive_259_det001,nwpu_positive_259,baseball_diamond,baseball_diamond,0.9416629076004028,accept,0.7508,215,69,301,144
detector:nwpu_positive_259_det002,nwpu_positive_259,ground_track_field,baseball_diamond,0.11103776097297668,reject_localisation,0.1011,206,30,436,247
detector:nwpu_positive_268_det000,nwpu_positive_268,harbor,harbor,0.9311257600784302,accept,0.8858,415,130,494,256
detector:nwpu_positive_268_det001,nwpu_positive_268,harbor,harbor,0.8531360626220703,accept,0.8714,328,99,422,243
detector:nwpu_positive_268_det002,nwpu_positive_268,harbor,harbor,0.769105851650238,accept,0.7192,260,77,349,219
detector:nwpu_positive_270_det000,nwpu_positive_270,harbor,harbor,0.9510447978973389,accept,0.7696,281,130,387,259
detector:nwpu_positive_270_det001,nwpu_positive_270,harbor,harbor,0.9324888586997986,accept,0.7066,547,20,655,135
detector:nwpu_positive_270_det002,nwpu_positive_270,harbor,harbor,0.8974648714065552,accept,0.7441,370,90,482,217
detector:nwpu_positive_270_det003,nwpu_positive_270,harbor,harbor,0.8630715012550354,adjust,0.6665,463,52,574,175
detector:nwpu_positive_270_det004,nwpu_positive_270,harbor,harbor,0.7030453681945801,accept,0.8175,231,167,308,271
detector:nwpu_positive_270_det005,nwpu_positive_270,harbor,,0.6460531949996948,reject_background,0.0,399,492,491,514
detector:nwpu_positive_279_det000,nwpu_positive_279,harbor,harbor,0.9226189851760864,accept,0.8753,358,190,416,284
detector:nwpu_positive_279_det001,nwpu_positive_279,harbor,harbor,0.9170443415641785,accept,0.7204,293,202,338,286
detector:nwpu_positive_279_det002,nwpu_positive_279,harbor,harbor,0.9012550711631775,accept,0.8229,433,181,481,280
detector:nwpu_positive_279_det003,nwpu_positive_279,harbor,harbor,0.8942068219184875,accept,0.9035,232,221,280,293
detector:nwpu_positive_279_det004,nwpu_positive_279,ship,,0.5476379990577698,reject_background,0.0,705,395,720,410
detector:nwpu_positive_279_det005,nwpu_positive_279,ship,,0.38081562519073486,reject_background,0.0,497,472,512,487
detector:nwpu_positive_279_det006,nwpu_positive_279,ship,,0.2601775527000427,reject_background,0.0,658,480,672,496
detector:nwpu_positive_279_det007,nwpu_positive_279,ship,,0.21559062600135803,reject_background,0.0,731,478,746,498
detector:nwpu_positive_279_det008,nwpu_positive_279,ship,,0.19925840198993683,reject_background,0.0,524,469,537,484
detector:nwpu_positive_279_det009,nwpu_positive_279,ship,,0.18538372218608856,reject_background,0.0,614,35,631,54
detector:nwpu_positive_279_det010,nwpu_positive_279,ship,,0.17606593668460846,reject_background,0.0,576,463,587,483
detector:nwpu_positive_279_det011,nwpu_positive_279,ship,,0.1429070085287094,reject_background,0.0,535,497,547,513
detector:nwpu_positive_279_det012,nwpu_positive_279,ship,,0.13899369537830353,reject_background,0.0,566,493,577,510
detector:nwpu_positive_279_det013,nwpu_positive_279,ship,,0.12724702060222626,reject_background,0.0,528,517,541,534
detector:nwpu_positive_279_det014,nwpu_positive_279,ship,,0.08569575101137161,reject_background,0.0,710,428,725,441
detector:nwpu_positive_280_det000,nwpu_positive_280,harbor,harbor,0.9378038644790649,accept,0.7856,298,202,416,265
detector:nwpu_positive_280_det001,nwpu_positive_280,harbor,harbor,0.930332362651825,accept,0.9174,266,146,387,213
detector:nwpu_positive_280_det002,nwpu_positive_280,harbor,harbor,0.861582338809967,accept,0.7776,311,255,432,317
detector:nwpu_positive_280_det003,nwpu_positive_280,harbor,harbor,0.7794204354286194,accept,0.7592,333,297,441,359
detector:nwpu_positive_280_det004,nwpu_positive_280,harbor,harbor,0.6071298718452454,accept,0.7235,346,351,436,402
detector:nwpu_positive_280_det005,nwpu_positive_280,ship,,0.28875845670700073,reject_background,0.0,108,63,125,86
detector:nwpu_positive_280_det006,nwpu_positive_280,harbor,harbor,0.17757746577262878,adjust,0.5787,358,296,446,354
detector:nwpu_positive_280_det007,nwpu_positive_280,ship,,0.05020640417933464,reject_background,0.0,98,120,112,143
detector:nwpu_positive_299_det000,nwpu_positive_299,ship,ship,0.9662615060806274,accept,0.8969,98,94,143,186
detector:nwpu_positive_299_det001,nwpu_positive_299,ship,ship,0.9623222351074219,accept,0.9062,496,541,550,607
detector:nwpu_positive_299_det002,nwpu_positive_299,ship,ship,0.9419537782669067,accept,0.864,325,189,358,251
detector:nwpu_positive_299_det003,nwpu_positive_299,ship,ship,0.9261559247970581,accept,0.836,536,636,581,703
detector:nwpu_positive_299_det004,nwpu_positive_299,ship,ship,0.23467972874641418,adjust,0.6429,101,105,133,186
detector:nwpu_positive_299_det005,nwpu_positive_299,ship,,0.07616320252418518,reject_background,0.0,0,668,9,734
detector:nwpu_positive_299_det006,nwpu_positive_299,vehicle,,0.06381870061159134,reject_background,0.0,732,584,759,620
detector:nwpu_positive_299_det007,nwpu_positive_299,ship,ship,0.06290856748819351,reject_localisation,0.3413,101,143,133,186
detector:nwpu_positive_299_det008,nwpu_positive_299,airplane,,0.06041322275996208,reject_background,0.0,504,0,537,48
detector:nwpu_positive_302_det000,nwpu_positive_302,ship,ship,0.9688229560852051,accept,0.9342,447,401,541,445
detector:nwpu_positive_302_det001,nwpu_positive_302,ship,ship,0.9001129269599915,accept,0.8222,794,468,892,503
detector:nwpu_positive_302_det002,nwpu_positive_302,ship,,0.6263023018836975,reject_background,0.0,715,207,820,329
detector:nwpu_positive_302_det003,nwpu_positive_302,ship,,0.40593206882476807,reject_background,0.0,193,130,218,207
detector:nwpu_positive_302_det004,nwpu_positive_302,bridge,,0.23225249350070953,reject_background,0.0,76,256,200,323
detector:nwpu_positive_302_det005,nwpu_positive_302,ship,,0.10587117075920105,reject_background,0.0,714,206,789,332
detector:nwpu_positive_302_det006,nwpu_positive_302,ship,,0.08636458963155746,reject_background,0.0,757,232,820,328
detector:nwpu_positive_302_det007,nwpu_positive_302,ship,,0.06409071385860443,reject_background,0.0,160,254,201,320
detector:nwpu_positive_302_det008,nwpu_positive_302,ship,,0.052745554596185684,reject_background,0.0,730,208,774,265
detector:nwpu_positive_308_det000,nwpu_positive_308,storage_tank,storage_tank,0.9603986740112305,accept,0.798,157,485,190,519
detector:nwpu_positive_308_det001,nwpu_positive_308,storage_tank,storage_tank,0.9597370028495789,adjust,0.6877,235,571,269,605
detector:nwpu_positive_308_det002,nwpu_positive_308,ship,ship,0.9571748971939087,accept,0.9306,460,227,527,295
detector:nwpu_positive_308_det003,nwpu_positive_308,storage_tank,storage_tank,0.9555147290229797,accept,0.8684,193,569,226,603
detector:nwpu_positive_308_det004,nwpu_positive_308,storage_tank,storage_tank,0.9552733898162842,accept,0.8027,193,604,226,640
detector:nwpu_positive_308_det005,nwpu_positive_308,storage_tank,storage_tank,0.9512249231338501,accept,0.8222,207,529,241,563
detector:nwpu_positive_308_det006,nwpu_positive_308,storage_tank,storage_tank,0.9489051103591919,accept,0.7543,135,529,168,561
detector:nwpu_positive_308_det007,nwpu_positive_308,storage_tank,storage_tank,0.9373946785926819,accept,0.7485,245,529,277,561
detector:nwpu_positive_308_det008,nwpu_positive_308,storage_tank,storage_tank,0.9249857664108276,accept,0.8657,121,485,155,518
detector:nwpu_positive_308_det009,nwpu_positive_308,storage_tank,storage_tank,0.9244983792304993,accept,0.8926,234,609,270,643
detector:nwpu_positive_308_det010,nwpu_positive_308,storage_tank,storage_tank,0.9183288216590881,accept,0.7154,172,529,206,561
detector:nwpu_positive_308_det011,nwpu_positive_308,storage_tank,storage_tank,0.9151095747947693,accept,0.7218,233,68,281,116
detector:nwpu_positive_308_det012,nwpu_positive_308,storage_tank,storage_tank,0.9125707149505615,accept,0.892,192,485,226,519
detector:nwpu_positive_308_det013,nwpu_positive_308,ship,ship,0.9082844257354736,accept,0.8696,768,176,834,206
detector:nwpu_positive_308_det014,nwpu_positive_308,storage_tank,storage_tank,0.8953598141670227,accept,0.8051,56,644,91,679
detector:nwpu_positive_308_det015,nwpu_positive_308,ship,,0.8887903094291687,reject_background,0.0,114,147,273,237
detector:nwpu_positive_308_det016,nwpu_positive_308,storage_tank,storage_tank,0.8406972885131836,accept,0.7773,228,486,262,519
detector:nwpu_positive_308_det017,nwpu_positive_308,ship,ship,0.8270191550254822,accept,0.8641,25,528,88,551
detector:nwpu_positive_308_det018,nwpu_positive_308,storage_tank,,0.8025679588317871,reject_background,0.0,234,650,269,684
detector:nwpu_positive_308_det019,nwpu_positive_308,ship,ship,0.6431156992912292,accept,0.8107,131,265,203,319
detector:nwpu_positive_308_det020,nwpu_positive_308,storage_tank,storage_tank,0.6347420811653137,adjust,0.4974,284,93,324,132
detector:nwpu_positive_308_det021,nwpu_positive_308,ship,ship,0.6304308176040649,reject_localisation,0.0125,200,287,248,321
detector:nwpu_positive_308_det022,nwpu_positive_308,storage_tank,,0.5708645582199097,reject_background,0.0,155,568,189,601
detector:nwpu_positive_308_det023,nwpu_positive_308,ship,,0.5694689750671387,reject_background,0.0,46,368,86,438
detector:nwpu_positive_308_det024,nwpu_positive_308,storage_tank,storage_tank,0.48917409777641296,reject_localisation,0.3788,290,106,326,139
detector:nwpu_positive_308_det025,nwpu_positive_308,ship,,0.48793336749076843,reject_background,0.0,176,174,273,235
detector:nwpu_positive_308_det026,nwpu_positive_308,ship,,0.41814136505126953,reject_background,0.0,775,4,823,50
detector:nwpu_positive_308_det027,nwpu_positive_308,ship,,0.40394750237464905,reject_background,0.0,271,223,321,256
detector:nwpu_positive_308_det028,nwpu_positive_308,ship,,0.37887218594551086,reject_background,0.0,60,552,107,604
detector:nwpu_positive_308_det029,nwpu_positive_308,ship,,0.28422820568084717,reject_background,0.0,959,681,989,694
detector:nwpu_positive_308_det030,nwpu_positive_308,storage_tank,storage_tank,0.27439141273498535,adjust,0.5612,288,96,328,140
detector:nwpu_positive_308_det031,nwpu_positive_308,storage_tank,storage_tank,0.12266945093870163,adjust,0.6754,240,529,268,562
detector:nwpu_positive_308_det032,nwpu_positive_308,bridge,,0.10961434990167618,reject_background,0.0,114,147,274,238
detector:nwpu_positive_308_det033,nwpu_positive_308,storage_tank,storage_tank,0.10554822534322739,adjust,0.4303,228,605,255,641
detector:nwpu_positive_308_det034,nwpu_positive_308,storage_tank,storage_tank,0.09400693327188492,reject_localisation,0.3102,191,590,226,608
detector:nwpu_positive_308_det035,nwpu_positive_308,ship,,0.08845493197441101,reject_background,0.0,0,342,28,369
detector:nwpu_positive_308_det036,nwpu_positive_308,storage_tank,storage_tank,0.07257349044084549,reject_localisation,0.2094,221,568,243,605
detector:nwpu_positive_308_det037,nwpu_positive_308,storage_tank,storage_tank,0.07028960436582565,reject_localisation,0.3396,214,568,253,605
detector:nwpu_positive_308_det038,nwpu_positive_308,ship,,0.07015153765678406,reject_background,0.0,290,163,352,202
detector:nwpu_positive_308_det039,nwpu_positive_308,storage_tank,storage_tank,0.05795808881521225,adjust,0.5132,190,563,227,590
detector:nwpu_positive_309_det000,nwpu_positive_309,storage_tank,storage_tank,0.98501056432724,accept,0.8473,181,257,235,314
detector:nwpu_positive_309_det001,nwpu_positive_309,storage_tank,storage_tank,0.9502183198928833,accept,0.8451,186,207,240,262
detector:nwpu_positive_309_det002,nwpu_positive_309,storage_tank,storage_tank,0.9489918947219849,accept,0.9123,232,262,286,316
detector:nwpu_positive_309_det003,nwpu_positive_309,storage_tank,storage_tank,0.9410760402679443,accept,0.7815,215,324,242,356
detector:nwpu_positive_309_det004,nwpu_positive_309,storage_tank,storage_tank,0.903473436832428,accept,0.8944,235,209,288,262
detector:nwpu_positive_309_det005,nwpu_positive_309,storage_tank,storage_tank,0.8946980834007263,adjust,0.6767,147,254,185,289
detector:nwpu_positive_309_det006,nwpu_positive_309,storage_tank,storage_tank,0.8940691947937012,accept,0.8185,191,323,218,354
detector:nwpu_positive_309_det007,nwpu_positive_309,ship,ship,0.8897110819816589,accept,0.8204,781,294,873,333
detector:nwpu_positive_309_det008,nwpu_positive_309,storage_tank,storage_tank,0.886610746383667,accept,0.8397,143,321,172,350
detector:nwpu_positive_309_det009,nwpu_positive_309,storage_tank,storage_tank,0.8393990993499756,accept,0.7962,168,322,195,351
detector:nwpu_positive_309_det010,nwpu_positive_309,storage_tank,storage_tank,0.8265170454978943,accept,0.7896,149,184,194,225
detector:nwpu_positive_309_det011,nwpu_positive_309,storage_tank,storage_tank,0.821067750453949,adjust,0.6579,150,221,188,257
detector:nwpu_positive_309_det012,nwpu_positive_309,storage_tank,storage_tank,0.8183242678642273,accept,0.7735,239,327,264,357
detector:nwpu_positive_309_det013,nwpu_positive_309,storage_tank,storage_tank,0.7399395704269409,accept,0.8312,260,327,289,358
detector:nwpu_positive_309_det014,nwpu_positive_309,storage_tank,storage_tank,0.3084021508693695,adjust,0.4095,150,201,192,246
detector:nwpu_positive_309_det015,nwpu_positive_309,ground_track_field,ship,0.20403701066970825,reject_localisation,0.0041,78,433,350,572
detector:nwpu_positive_309_det016,nwpu_positive_309,baseball_diamond,,0.12094313651323318,reject_background,0.0,139,623,185,687
detector:nwpu_positive_309_det017,nwpu_positive_309,storage_tank,storage_tank,0.06671716272830963,reject_localisation,0.339,176,317,199,342
detector:nwpu_positive_316_det000,nwpu_positive_316,storage_tank,storage_tank,0.9598828554153442,adjust,0.5881,962,315,1016,369
detector:nwpu_positive_316_det001,nwpu_positive_316,storage_tank,storage_tank,0.9438110589981079,adjust,0.5433,1028,503,1082,555
detector:nwpu_positive_316_det002,nwpu_positive_316,storage_tank,storage_tank,0.9435297846794128,adjust,0.6121,985,606,1041,661
detector:nwpu_positive_316_det003,nwpu_positive_316,storage_tank,storage_tank,0.9407488107681274,adjust,0.6377,886,284,938,339
detector:nwpu_positive_316_det004,nwpu_positive_316,storage_tank,storage_tank,0.9343796372413635,adjust,0.6704,1049,452,1102,503
detector:nwpu_positive_316_det005,nwpu_positive_316,storage_tank,storage_tank,0.9320938587188721,adjust,0.6171,1007,555,1061,609
detector:nwpu_positive_316_det006,nwpu_positive_316,storage_tank,storage_tank,0.9205408692359924,accept,0.7061,855,361,910,416
detector:nwpu_positive_316_det007,nwpu_positive_316,storage_tank,storage_tank,0.9187003374099731,adjust,0.5989,746,407,799,460
detector:nwpu_positive_316_det008,nwpu_positive_316,storage_tank,storage_tank,0.9180067777633667,accept,0.7046,776,328,833,386
detector:nwpu_positive_316_det009,nwpu_positive_316,storage_tank,storage_tank,0.9101337194442749,adjust,0.6373,933,396,985,446
detector:nwpu_positive_316_det010,nwpu_positive_316,storage_tank,storage_tank,0.9093211889266968,adjust,0.608,896,468,952,525
detector:nwpu_positive_316_det011,nwpu_positive_316,storage_tank,storage_tank,0.8937716484069824,adjust,0.6074,824,441,876,495
detector:nwpu_positive_316_det012,nwpu_positive_316,storage_tank,storage_tank,0.89121013879776,adjust,0.6804,809,253,864,306
detector:nwpu_positive_316_det013,nwpu_positive_316,storage_tank,,0.5662921071052551,reject_background,0.0,1113,246,1143,275
detector:nwpu_positive_316_det014,nwpu_positive_316,storage_tank,,0.4025017321109772,reject_background,0.0,1141,270,1165,299
detector:nwpu_positive_316_det015,nwpu_positive_316,storage_tank,,0.2753886580467224,reject_background,0.0,1102,272,1129,299
detector:nwpu_positive_316_det016,nwpu_positive_316,storage_tank,,0.1562892198562622,reject_background,0.0,1156,246,1166,273
detector:nwpu_positive_316_det017,nwpu_positive_316,storage_tank,,0.10171790421009064,reject_background,0.0,1089,296,1115,323
detector:nwpu_positive_316_det018,nwpu_positive_316,storage_tank,,0.0629265084862709,reject_background,0.0,1148,268,1166,309
detector:nwpu_positive_318_det000,nwpu_positive_318,storage_tank,storage_tank,0.9753367304801941,accept,0.8323,360,435,415,489
detector:nwpu_positive_318_det001,nwpu_positive_318,storage_tank,storage_tank,0.9620862603187561,accept,0.8757,654,342,710,394
detector:nwpu_positive_318_det002,nwpu_positive_318,storage_tank,storage_tank,0.9603710770606995,accept,0.8484,541,385,598,441
detector:nwpu_positive_318_det003,nwpu_positive_318,storage_tank,storage_tank,0.9596515893936157,accept,0.851,374,377,433,435
detector:nwpu_positive_318_det004,nwpu_positive_318,storage_tank,storage_tank,0.9580124616622925,accept,0.9405,391,313,456,378
detector:nwpu_positive_318_det005,nwpu_positive_318,storage_tank,storage_tank,0.957683801651001,accept,0.8714,322,353,375,403
detector:nwpu_positive_318_det006,nwpu_positive_318,storage_tank,storage_tank,0.9506040215492249,accept,0.859,381,231,449,296
detector:nwpu_positive_318_det007,nwpu_positive_318,storage_tank,storage_tank,0.9496050477027893,accept,0.8125,515,457,571,513
detector:nwpu_positive_318_det008,nwpu_positive_318,storage_tank,storage_tank,0.9455505013465881,accept,0.8283,497,283,552,335
detector:nwpu_positive_318_det009,nwpu_positive_318,storage_tank,storage_tank,0.9446708559989929,accept,0.8159,441,429,499,485
detector:nwpu_positive_318_det010,nwpu_positive_318,storage_tank,storage_tank,0.9395716786384583,accept,0.831,570,308,627,365
detector:nwpu_positive_318_det011,nwpu_positive_318,storage_tank,storage_tank,0.9347226023674011,accept,0.7564,466,357,525,413
detector:nwpu_positive_318_det012,nwpu_positive_318,storage_tank,storage_tank,0.9334220290184021,accept,0.7797,668,450,721,499
detector:nwpu_positive_318_det013,nwpu_positive_318,storage_tank,storage_tank,0.9332987666130066,accept,0.8475,339,303,395,356
detector:nwpu_positive_318_det014,nwpu_positive_318,storage_tank,storage_tank,0.9325441122055054,accept,0.787,679,267,739,321
detector:nwpu_positive_318_det015,nwpu_positive_318,storage_tank,storage_tank,0.9317617416381836,accept,0.8136,443,264,498,316
detector:nwpu_positive_318_det016,nwpu_positive_318,storage_tank,storage_tank,0.9171531200408936,accept,0.8517,595,235,653,292
detector:nwpu_positive_318_det017,nwpu_positive_318,storage_tank,storage_tank,0.8869534730911255,accept,0.7808,694,317,738,359
detector:nwpu_positive_318_det018,nwpu_positive_318,storage_tank,,0.7949587106704712,reject_background,0.0,628,429,665,459
detector:nwpu_positive_318_det019,nwpu_positive_318,storage_tank,storage_tank,0.5957537293434143,accept,0.8611,596,509,631,544
detector:nwpu_positive_346_det000,nwpu_positive_346,tennis_court,tennis_court,0.9609044194221497,accept,0.795,384,204,458,320
detector:nwpu_positive_346_det001,nwpu_positive_346,tennis_court,tennis_court,0.9522342085838318,accept,0.844,452,197,529,312
detector:nwpu_positive_350_det000,nwpu_positive_350,tennis_court,tennis_court,0.9614914655685425,accept,0.8754,462,255,527,328
detector:nwpu_positive_350_det001,nwpu_positive_350,tennis_court,tennis_court,0.9522358179092407,accept,0.8948,372,283,434,359
detector:nwpu_positive_350_det002,nwpu_positive_350,tennis_court,tennis_court,0.9513369798660278,accept,0.9065,324,297,386,374
detector:nwpu_positive_350_det003,nwpu_positive_350,basketball_court,basketball_court,0.9400219321250916,accept,0.8633,444,173,538,234
detector:nwpu_positive_350_det004,nwpu_positive_350,tennis_court,tennis_court,0.9376236200332642,accept,0.8614,417,269,481,343
detector:nwpu_positive_350_det005,nwpu_positive_350,basketball_court,basketball_court,0.930532693862915,accept,0.7774,318,215,409,271
detector:nwpu_positive_374_det000,nwpu_positive_374,vehicle,vehicle,0.856471836566925,accept,0.8581,99,255,162,291
detector:nwpu_positive_374_det001,nwpu_positive_374,vehicle,vehicle,0.46844911575317383,accept,0.8518,820,355,902,417
detector:nwpu_positive_374_det002,nwpu_positive_374,vehicle,,0.06824474781751633,reject_background,0.0,506,334,553,372
detector:nwpu_positive_375_det000,nwpu_positive_375,vehicle,vehicle,0.8116459846496582,accept,0.9235,112,570,206,633
detector:nwpu_positive_375_det001,nwpu_positive_375,vehicle,vehicle,0.5342378616333008,accept,0.8493,197,84,247,170
detector:nwpu_positive_377_det000,nwpu_positive_377,vehicle,vehicle,0.8979652523994446,accept,0.8442,163,181,232,219
detector:nwpu_positive_377_det001,nwpu_positive_377,vehicle,vehicle,0.8633423447608948,accept,0.9411,618,109,694,155
detector:nwpu_positive_377_det002,nwpu_positive_377,vehicle,vehicle,0.691274106502533,accept,0.8416,521,120,600,162
detector:nwpu_positive_377_det003,nwpu_positive_377,vehicle,,0.27008673548698425,reject_background,0.0,0,513,16,569
detector:nwpu_positive_377_det004,nwpu_positive_377,vehicle,,0.16921567916870117,reject_background,0.0,11,501,49,569
detector:nwpu_positive_377_det005,nwpu_positive_377,vehicle,vehicle,0.06152087077498436,adjust,0.4456,170,181,231,203
detector:nwpu_positive_380_det000,nwpu_positive_380,vehicle,vehicle,0.9381937384605408,adjust,0.6109,382,217,423,267
detector:nwpu_positive_380_det001,nwpu_positive_380,vehicle,vehicle,0.9100736975669861,accept,0.8942,101,98,137,160
detector:nwpu_positive_387_det000,nwpu_positive_387,vehicle,vehicle,0.9356554746627808,accept,0.8127,98,164,139,214
detector:nwpu_positive_387_det001,nwpu_positive_387,vehicle,vehicle,0.9194260835647583,accept,0.8693,560,31,607,60
detector:nwpu_positive_387_det002,nwpu_positive_387,vehicle,vehicle,0.9154836535453796,accept,0.9552,641,33,697,68
detector:nwpu_positive_387_det003,nwpu_positive_387,vehicle,vehicle,0.8691056966781616,accept,0.7137,82,118,136,155
detector:nwpu_positive_387_det004,nwpu_positive_387,vehicle,vehicle,0.8680172562599182,accept,0.8884,274,125,324,158
detector:nwpu_positive_387_det005,nwpu_positive_387,ship,,0.32306089997291565,reject_background,0.0,193,368,227,418
detector:nwpu_positive_390_det000,nwpu_positive_390,vehicle,vehicle,0.9839513301849365,accept,0.862,495,387,534,450
detector:nwpu_positive_390_det001,nwpu_positive_390,vehicle,vehicle,0.9334931969642639,accept,0.8851,518,475,555,544
detector:nwpu_positive_390_det002,nwpu_positive_390,vehicle,vehicle,0.9254959225654602,accept,0.8537,642,344,677,407
detector:nwpu_positive_390_det003,nwpu_positive_390,vehicle,vehicle,0.8184043765068054,accept,0.7645,564,483,598,546
detector:nwpu_positive_390_det004,nwpu_positive_390,vehicle,vehicle,0.687839925289154,accept,0.8644,526,547,561,613
detector:nwpu_positive_400_det000,nwpu_positive_400,vehicle,vehicle,0.9427427649497986,accept,0.8785,41,538,87,599
detector:nwpu_positive_400_det001,nwpu_positive_400,vehicle,vehicle,0.821897029876709,accept,0.9041,112,558,160,631
detector:nwpu_positive_400_det002,nwpu_positive_400,vehicle,vehicle,0.7614870071411133,accept,0.8254,57,40,111,103
detector:nwpu_positive_401_det000,nwpu_positive_401,vehicle,vehicle,0.98312908411026,accept,0.9,149,257,215,308
detector:nwpu_positive_401_det001,nwpu_positive_401,vehicle,vehicle,0.9062610864639282,accept,0.904,343,128,399,200
detector:nwpu_positive_401_det002,nwpu_positive_401,bridge,,0.096371129155159,reject_background,0.0,745,304,888,598
detector:nwpu_positive_408_det000,nwpu_positive_408,vehicle,vehicle,0.6537702679634094,accept,0.8786,447,130,482,189
detector:nwpu_positive_408_det001,nwpu_positive_408,vehicle,vehicle,0.4772457778453827,accept,0.91,406,125,445,189
detector:nwpu_positive_408_det002,nwpu_positive_408,vehicle,,0.08350282162427902,reject_background,0.0,157,95,238,128
detector:nwpu_positive_408_det003,nwpu_positive_408,vehicle,vehicle,0.07860317081212997,adjust,0.5407,406,125,471,190
detector:nwpu_positive_408_det004,nwpu_positive_408,vehicle,vehicle,0.05793818086385727,adjust,0.4902,421,126,483,192
detector:nwpu_positive_414_det000,nwpu_positive_414,vehicle,vehicle,0.9348324537277222,accept,0.9133,156,224,214,260
detector:nwpu_positive_414_det001,nwpu_positive_414,vehicle,vehicle,0.8987129330635071,accept,0.9282,75,221,122,251
detector:nwpu_positive_414_det002,nwpu_positive_414,vehicle,vehicle,0.8966695070266724,adjust,0.6458,384,153,434,183
detector:nwpu_positive_414_det003,nwpu_positive_414,vehicle,vehicle,0.8850306272506714,accept,0.8601,3,59,34,111
detector:nwpu_positive_414_det004,nwpu_positive_414,vehicle,vehicle,0.7291812896728516,accept,0.8465,104,27,137,76
detector:nwpu_positive_414_det005,nwpu_positive_414,vehicle,vehicle,0.6017722487449646,accept,0.867,78,36,109,85
detector:nwpu_positive_414_det006,nwpu_positive_414,vehicle,vehicle,0.4026368260383606,accept,0.8388,31,47,63,98
detector:nwpu_positive_414_det007,nwpu_positive_414,vehicle,vehicle,0.40145447850227356,accept,0.8635,58,43,85,89
detector:nwpu_positive_414_det008,nwpu_positive_414,ship,,0.12835027277469635,reject_background,0.0,504,431,587,475
detector:nwpu_positive_414_det009,nwpu_positive_414,vehicle,,0.07684145122766495,reject_background,0.0,401,63,432,81
detector:nwpu_positive_430_det000,nwpu_positive_430,vehicle,vehicle,0.975126326084137,accept,0.8532,334,505,375,560
detector:nwpu_positive_430_det001,nwpu_positive_430,vehicle,vehicle,0.9542770981788635,accept,0.9131,629,134,680,172
detector:nwpu_positive_430_det002,nwpu_positive_430,vehicle,vehicle,0.9476715922355652,accept,0.8814,339,330,391,368
detector:nwpu_positive_430_det003,nwpu_positive_430,vehicle,vehicle,0.9415910243988037,accept,0.9512,671,73,712,111
detector:nwpu_positive_430_det004,nwpu_positive_430,vehicle,vehicle,0.9399339556694031,accept,0.7561,278,622,314,663
detector:nwpu_positive_430_det005,nwpu_positive_430,vehicle,vehicle,0.9188033938407898,accept,0.8548,681,41,723,75
detector:nwpu_positive_430_det006,nwpu_positive_430,vehicle,vehicle,0.9147322773933411,accept,0.9129,502,179,541,232
detector:nwpu_positive_430_det007,nwpu_positive_430,vehicle,vehicle,0.8536587953567505,accept,0.7198,432,317,466,369
detector:nwpu_positive_430_det008,nwpu_positive_430,vehicle,vehicle,0.7370322942733765,adjust,0.4138,642,103,678,133
detector:nwpu_positive_430_det009,nwpu_positive_430,vehicle,,0.586911141872406,reject_background,0.0,200,654,234,684
detector:nwpu_positive_430_det010,nwpu_positive_430,vehicle,vehicle,0.5024087429046631,accept,0.8273,621,163,661,196
detector:nwpu_positive_430_det011,nwpu_positive_430,vehicle,,0.40443992614746094,reject_background,0.0,613,0,648,25
detector:nwpu_positive_430_det012,nwpu_positive_430,vehicle,vehicle,0.30631139874458313,adjust,0.5249,624,156,663,187
detector:nwpu_positive_430_det013,nwpu_positive_430,vehicle,,0.24970391392707825,reject_background,0.0,1063,326,1079,380
detector:nwpu_positive_430_det014,nwpu_positive_430,vehicle,vehicle,0.21451523900032043,accept,0.71,461,263,496,310
detector:nwpu_positive_430_det015,nwpu_positive_430,vehicle,vehicle,0.1903059482574463,reject_localisation,0.349,639,106,681,130
detector:nwpu_positive_430_det016,nwpu_positive_430,vehicle,vehicle,0.14007987082004547,reject_localisation,0.2374,305,423,341,455
detector:nwpu_positive_430_det017,nwpu_positive_430,vehicle,,0.12630386650562286,reject_background,0.0,1058,331,1079,381
detector:nwpu_positive_430_det018,nwpu_positive_430,vehicle,vehicle,0.12509052455425262,reject_localisation,0.1459,310,428,344,457
detector:nwpu_positive_430_det019,nwpu_positive_430,vehicle,,0.12072627246379852,reject_background,0.0,331,111,355,139
detector:nwpu_positive_430_det020,nwpu_positive_430,vehicle,,0.09551810473203659,reject_background,0.0,332,439,353,465
detector:nwpu_positive_430_det021,nwpu_positive_430,vehicle,,0.07684317231178284,reject_background,0.0,405,113,427,139
detector:nwpu_positive_430_det022,nwpu_positive_430,vehicle,,0.07314932346343994,reject_background,0.0,1070,301,1079,353
detector:nwpu_positive_430_det023,nwpu_positive_430,vehicle,vehicle,0.0704660639166832,accept,0.8218,642,102,697,141
detector:nwpu_positive_430_det024,nwpu_positive_430,vehicle,,0.06137806549668312,reject_background,0.0,1066,312,1079,377
detector:nwpu_positive_430_det025,nwpu_positive_430,vehicle,,0.05997689068317413,reject_background,0.0,321,298,360,320
detector:nwpu_positive_430_det026,nwpu_positive_430,vehicle,vehicle,0.05854389816522598,reject_localisation,0.0057,328,433,350,461
detector:nwpu_positive_430_det027,nwpu_positive_430,vehicle,,0.05351478233933449,reject_background,0.0,155,620,188,641
detector:nwpu_positive_430_det028,nwpu_positive_430,vehicle,,0.05343763902783394,reject_background,0.0,1037,317,1074,373
detector:nwpu_positive_430_det029,nwpu_positive_430,vehicle,,0.051908228546381,reject_background,0.0,366,654,399,677
detector:nwpu_positive_430_det030,nwpu_positive_430,vehicle,,0.051449939608573914,reject_background,0.0,160,621,190,645
detector:nwpu_positive_430_det031,nwpu_positive_430,vehicle,vehicle,0.05125506967306137,adjust,0.6218,678,40,714,74
detector:nwpu_positive_431_det000,nwpu_positive_431,vehicle,vehicle,0.9708770513534546,accept,0.8537,338,225,374,275
detector:nwpu_positive_431_det001,nwpu_positive_431,vehicle,vehicle,0.9596841931343079,accept,0.8938,389,130,425,183
detector:nwpu_positive_431_det002,nwpu_positive_431,vehicle,vehicle,0.9419986009597778,accept,0.7375,517,187,569,233
detector:nwpu_positive_431_det003,nwpu_positive_431,vehicle,vehicle,0.9419099688529968,accept,0.7899,295,307,328,352
detector:nwpu_positive_431_det004,nwpu_positive_431,vehicle,vehicle,0.9412600994110107,accept,0.828,509,219,552,257
detector:nwpu_positive_431_det005,nwpu_positive_431,vehicle,vehicle,0.9332293272018433,accept,0.8136,537,172,582,208
detector:nwpu_positive_431_det006,nwpu_positive_431,vehicle,vehicle,0.9215625524520874,accept,0.8906,771,584,819,623
detector:nwpu_positive_431_det007,nwpu_positive_431,vehicle,vehicle,0.9147686958312988,reject_localisation,0.3485,490,265,581,318
detector:nwpu_positive_431_det008,nwpu_positive_431,vehicle,vehicle,0.8802521228790283,accept,0.7405,172,518,208,564
detector:nwpu_positive_431_det009,nwpu_positive_431,vehicle,vehicle,0.8667154908180237,accept,0.726,828,612,871,647
detector:nwpu_positive_431_det010,nwpu_positive_431,vehicle,vehicle,0.8652860522270203,accept,0.7479,266,560,305,596
detector:nwpu_positive_431_det011,nwpu_positive_431,vehicle,,0.8474242687225342,reject_background,0.0,974,188,1023,225
detector:nwpu_positive_431_det012,nwpu_positive_431,vehicle,,0.8320432305335999,reject_background,0.0,601,37,650,61
detector:nwpu_positive_431_det013,nwpu_positive_431,vehicle,vehicle,0.8253307342529297,accept,0.8117,466,308,511,347
detector:nwpu_positive_431_det014,nwpu_positive_431,vehicle,vehicle,0.8137707114219666,accept,0.75,564,135,604,165
detector:nwpu_positive_431_det015,nwpu_positive_431,vehicle,vehicle,0.8115034699440002,accept,0.8607,604,63,650,93
detector:nwpu_positive_431_det016,nwpu_positive_431,vehicle,vehicle,0.7963089346885681,accept,0.864,598,116,634,145
detector:nwpu_positive_431_det017,nwpu_positive_431,vehicle,vehicle,0.7719751596450806,accept,0.8354,515,199,567,232
detector:nwpu_positive_431_det018,nwpu_positive_431,vehicle,vehicle,0.6716192960739136,accept,0.879,511,335,555,369
detector:nwpu_positive_431_det019,nwpu_positive_431,vehicle,,0.6563518047332764,reject_background,0.0,196,668,225,696
detector:nwpu_positive_431_det020,nwpu_positive_431,vehicle,vehicle,0.6482656598091125,accept,0.7159,854,513,912,553
detector:nwpu_positive_431_det021,nwpu_positive_431,vehicle,vehicle,0.6416664123535156,reject_localisation,0.0579,271,528,313,566
detector:nwpu_positive_431_det022,nwpu_positive_431,vehicle,vehicle,0.612263023853302,reject_localisation,0.348,503,238,544,258
detector:nwpu_positive_431_det023,nwpu_positive_431,vehicle,vehicle,0.5781232714653015,adjust,0.4786,566,160,590,181
detector:nwpu_positive_431_det024,nwpu_positive_431,vehicle,vehicle,0.5242578983306885,reject_localisation,0.3721,509,261,545,286
detector:nwpu_positive_431_det025,nwpu_positive_431,vehicle,,0.4837087094783783,reject_background,0.0,941,183,983,224
detector:nwpu_positive_431_det026,nwpu_positive_431,vehicle,vehicle,0.4490728974342346,reject_localisation,0.2945,476,287,526,342
detector:nwpu_positive_431_det027,nwpu_positive_431,vehicle,,0.4335382878780365,reject_background,0.0,94,667,128,698
detector:nwpu_positive_431_det028,nwpu_positive_431,vehicle,,0.4002664387226105,reject_background,0.0,941,183,1022,225
detector:nwpu_positive_431_det029,nwpu_positive_431,vehicle,vehicle,0.3549720346927643,adjust,0.4348,486,266,555,310
detector:nwpu_positive_431_det030,nwpu_positive_431,vehicle,,0.35298678278923035,reject_background,0.0,941,182,976,207
detector:nwpu_positive_431_det031,nwpu_positive_431,vehicle,vehicle,0.3390873074531555,reject_localisation,0.3129,469,308,555,369
detector:nwpu_positive_431_det032,nwpu_positive_431,vehicle,,0.3349018394947052,reject_background,0.0,940,184,979,216
detector:nwpu_positive_431_det033,nwpu_positive_431,vehicle,vehicle,0.30801132321357727,adjust,0.6649,519,277,581,319
detector:nwpu_positive_431_det034,nwpu_positive_431,vehicle,vehicle,0.26574161648750305,adjust,0.6265,488,266,537,309
detector:nwpu_positive_431_det035,nwpu_positive_431,vehicle,vehicle,0.24920573830604553,accept,0.7752,488,266,530,300
detector:nwpu_positive_431_det036,nwpu_positive_431,vehicle,,0.21934600174427032,reject_background,0.0,726,619,755,644
detector:nwpu_positive_431_det037,nwpu_positive_431,vehicle,vehicle,0.21154053509235382,reject_localisation,0.3072,505,256,546,313
detector:nwpu_positive_431_det038,nwpu_positive_431,vehicle,vehicle,0.19277237355709076,adjust,0.5939,873,522,917,552
detector:nwpu_positive_431_det039,nwpu_positive_431,vehicle,,0.18076448142528534,reject_background,0.0,1022,178,1059,200
detector:nwpu_positive_431_det040,nwpu_positive_431,vehicle,vehicle,0.1781366467475891,reject_localisation,0.2254,479,286,521,325
detector:nwpu_positive_431_det041,nwpu_positive_431,vehicle,,0.17434252798557281,reject_background,0.0,1016,174,1058,195
detector:nwpu_positive_431_det042,nwpu_positive_431,vehicle,,0.1496240496635437,reject_background,0.0,941,159,974,176
detector:nwpu_positive_431_det043,nwpu_positive_431,vehicle,,0.12789224088191986,reject_background,0.0,503,524,524,570
detector:nwpu_positive_431_det044,nwpu_positive_431,vehicle,vehicle,0.11977513879537582,accept,0.7289,519,307,566,343
detector:nwpu_positive_431_det045,nwpu_positive_431,vehicle,vehicle,0.11108436435461044,reject_localisation,0.3684,494,295,570,343
detector:nwpu_positive_431_det046,nwpu_positive_431,vehicle,vehicle,0.10557632148265839,adjust,0.4477,558,160,593,192
detector:nwpu_positive_431_det047,nwpu_positive_431,vehicle,vehicle,0.0953516885638237,reject_localisation,0.375,551,166,590,194
detector:nwpu_positive_431_det048,nwpu_positive_431,vehicle,vehicle,0.09160659462213516,reject_localisation,0.3939,512,214,565,236
detector:nwpu_positive_431_det049,nwpu_positive_431,vehicle,,0.0832803025841713,reject_background,0.0,705,133,742,163
detector:nwpu_positive_431_det050,nwpu_positive_431,vehicle,,0.06933680921792984,reject_background,0.0,1042,370,1059,407
detector:nwpu_positive_431_det051,nwpu_positive_431,vehicle,vehicle,0.06446685642004013,adjust,0.429,492,308,554,370
detector:nwpu_positive_431_det052,nwpu_positive_431,vehicle,,0.06281934678554535,reject_background,0.0,683,601,708,641
detector:nwpu_positive_431_det053,nwpu_positive_431,vehicle,,0.05184532701969147,reject_background,0.0,1022,169,1059,194
detector:nwpu_positive_453_det000,nwpu_positive_453,vehicle,vehicle,0.9475429058074951,accept,0.8149,129,163,166,216
detector:nwpu_positive_453_det001,nwpu_positive_453,vehicle,vehicle,0.8930301070213318,accept,0.8845,516,220,570,263
detector:nwpu_positive_453_det002,nwpu_positive_453,vehicle,vehicle,0.865223228931427,accept,0.7054,160,373,195,417
detector:nwpu_positive_453_det003,nwpu_positive_453,vehicle,vehicle,0.7856675982475281,accept,0.9382,757,342,811,378
detector:nwpu_positive_453_det004,nwpu_positive_453,vehicle,vehicle,0.6578669548034668,adjust,0.6405,475,201,509,228
detector:nwpu_positive_453_det005,nwpu_positive_453,vehicle,vehicle,0.647179126739502,accept,0.7646,469,196,508,227
detector:nwpu_positive_453_det006,nwpu_positive_453,vehicle,,0.6424007415771484,reject_background,0.0,153,103,181,137
detector:nwpu_positive_453_det007,nwpu_positive_453,vehicle,vehicle,0.4892660975456238,reject_localisation,0.3055,443,181,471,205
detector:nwpu_positive_453_det008,nwpu_positive_453,vehicle,,0.3722475469112396,reject_background,0.0,1018,0,1053,48
detector:nwpu_positive_453_det009,nwpu_positive_453,vehicle,vehicle,0.20858417451381683,adjust,0.4145,417,174,464,203
detector:nwpu_positive_453_det010,nwpu_positive_453,vehicle,vehicle,0.19920818507671356,accept,0.7384,762,349,813,379
detector:nwpu_positive_453_det011,nwpu_positive_453,vehicle,vehicle,0.18333761394023895,adjust,0.5645,462,192,508,225
detector:nwpu_positive_453_det012,nwpu_positive_453,vehicle,,0.1517171561717987,reject_background,0.0,1039,34,1055,84
detector:nwpu_positive_453_det013,nwpu_positive_453,vehicle,vehicle,0.13676024973392487,adjust,0.6391,114,488,148,540
detector:nwpu_positive_453_det014,nwpu_positive_453,vehicle,,0.13097885251045227,reject_background,0.0,151,137,178,163
detector:nwpu_positive_453_det015,nwpu_positive_453,vehicle,,0.11977041512727737,reject_background,0.0,1023,6,1055,67
detector:nwpu_positive_453_det016,nwpu_positive_453,vehicle,vehicle,0.1113007590174675,adjust,0.4234,485,202,511,229
detector:nwpu_positive_453_det017,nwpu_positive_453,vehicle,vehicle,0.10970620065927505,adjust,0.4636,434,175,468,205
detector:nwpu_positive_453_det018,nwpu_positive_453,vehicle,,0.10052035003900528,reject_background,0.0,189,584,220,615
detector:nwpu_positive_453_det019,nwpu_positive_453,vehicle,,0.09568331390619278,reject_background,0.0,885,109,910,141
detector:nwpu_positive_453_det020,nwpu_positive_453,vehicle,vehicle,0.08926063776016235,accept,0.7132,149,372,189,417
detector:nwpu_positive_453_det021,nwpu_positive_453,vehicle,vehicle,0.08749517053365707,reject_localisation,0.0481,428,152,464,178
detector:nwpu_positive_453_det022,nwpu_positive_453,vehicle,,0.08747267723083496,reject_background,0.0,244,163,273,190
detector:nwpu_positive_453_det023,nwpu_positive_453,vehicle,,0.08095823973417282,reject_background,0.0,173,503,201,538
detector:nwpu_positive_453_det024,nwpu_positive_453,vehicle,,0.06587198376655579,reject_background,0.0,263,5,291,28
detector:nwpu_positive_453_det025,nwpu_positive_453,vehicle,vehicle,0.06378643214702606,reject_localisation,0.2993,490,205,512,230
detector:nwpu_positive_453_det026,nwpu_positive_453,vehicle,,0.06245645135641098,reject_background,0.0,289,28,326,47
detector:nwpu_positive_453_det027,nwpu_positive_453,vehicle,,0.06105823442339897,reject_background,0.0,338,397,383,418
detector:nwpu_positive_453_det028,nwpu_positive_453,vehicle,,0.06013942509889603,reject_background,0.0,311,31,347,49
detector:nwpu_positive_453_det029,nwpu_positive_453,vehicle,,0.05988407880067825,reject_background,0.0,1043,387,1055,439
detector:nwpu_positive_453_det030,nwpu_positive_453,vehicle,,0.05952451378107071,reject_background,0.0,300,31,330,48
detector:nwpu_positive_453_det031,nwpu_positive_453,vehicle,,0.05945773422718048,reject_background,0.0,141,140,171,164
detector:nwpu_positive_453_det032,nwpu_positive_453,vehicle,,0.058854840695858,reject_background,0.0,265,7,292,33
detector:nwpu_positive_453_det033,nwpu_positive_453,vehicle,,0.058463286608457565,reject_background,0.0,310,32,332,49
detector:nwpu_positive_453_det034,nwpu_positive_453,vehicle,,0.05160167068243027,reject_background,0.0,1039,379,1055,436
detector:nwpu_positive_456_det000,nwpu_positive_456,ground_track_field,ground_track_field,0.9458189010620117,accept,0.9765,294,97,454,362
detector:nwpu_positive_468_det000,nwpu_positive_468,ground_track_field,ground_track_field,0.9369478821754456,accept,0.926,202,89,488,331
detector:nwpu_positive_471_det000,nwpu_positive_471,basketball_court,basketball_court,0.9693119525909424,accept,0.8471,110,412,168,498
detector:nwpu_positive_471_det001,nwpu_positive_471,tennis_court,tennis_court,0.956967294216156,accept,0.8241,104,307,149,383
detector:nwpu_positive_471_det002,nwpu_positive_471,baseball_diamond,baseball_diamond,0.9111554026603699,accept,0.8767,605,346,736,456
detector:nwpu_positive_471_det003,nwpu_positive_471,tennis_court,tennis_court,0.9017940163612366,accept,0.8749,160,299,203,376
detector:nwpu_positive_471_det004,nwpu_positive_471,storage_tank,,0.5393142104148865,reject_background,0.0,516,269,581,325
detector:nwpu_positive_471_det005,nwpu_positive_471,baseball_diamond,,0.2710040509700775,reject_background,0.0,517,271,582,326
detector:nwpu_positive_471_det006,nwpu_positive_471,airplane,,0.22017209231853485,reject_background,0.0,885,293,908,351
detector:nwpu_positive_471_det007,nwpu_positive_471,airplane,,0.21630774438381195,reject_background,0.0,886,292,908,327
detector:nwpu_positive_471_det008,nwpu_positive_471,baseball_diamond,,0.19886671006679535,reject_background,0.0,271,460,339,510
detector:nwpu_positive_471_det009,nwpu_positive_471,baseball_diamond,,0.14188483357429504,reject_background,0.0,640,522,688,555
detector:nwpu_positive_471_det010,nwpu_positive_471,baseball_diamond,,0.06190427765250206,reject_background,0.0,206,471,249,522
detector:nwpu_positive_471_det011,nwpu_positive_471,airplane,,0.05528061091899872,reject_background,0.0,882,295,908,367
detector:nwpu_positive_475_det000,nwpu_positive_475,ground_track_field,ground_track_field,0.9409402012825012,accept,0.9412,369,97,522,366
detector:nwpu_positive_475_det001,nwpu_positive_475,baseball_diamond,,0.6721762418746948,reject_background,0.0,558,316,648,388
detector:nwpu_positive_486_det000,nwpu_positive_486,baseball_diamond,baseball_diamond,0.9219496846199036,accept,0.8293,563,375,660,454
detector:nwpu_positive_486_det001,nwpu_positive_486,ground_track_field,ground_track_field,0.9007330536842346,accept,0.9254,580,51,798,265
detector:nwpu_positive_486_det002,nwpu_positive_486,storage_tank,,0.12292187660932541,reject_background,0.0,407,301,436,329
detector:nwpu_positive_489_det000,nwpu_positive_489,tennis_court,tennis_court,0.9544314742088318,accept,0.779,325,312,374,391
detector:nwpu_positive_489_det001,nwpu_positive_489,baseball_diamond,baseball_diamond,0.9152094125747681,accept,0.8695,640,121,738,203
detector:nwpu_positive_489_det002,nwpu_positive_489,tennis_court,tennis_court,0.8873512744903564,accept,0.8685,450,318,494,396
detector:nwpu_positive_489_det003,nwpu_positive_489,basketball_court,basketball_court,0.8602306246757507,accept,0.8039,189,356,296,407
detector:nwpu_positive_489_det004,nwpu_positive_489,tennis_court,tennis_court,0.8286861777305603,accept,0.9196,512,318,554,397
detector:nwpu_positive_489_det005,nwpu_positive_489,tennis_court,tennis_court,0.8170471787452698,accept,0.9114,387,312,433,392
detector:nwpu_positive_489_det006,nwpu_positive_489,baseball_diamond,,0.5605829954147339,reject_background,0.0,837,297,860,384
detector:nwpu_positive_489_det007,nwpu_positive_489,basketball_court,,0.5105005502700806,reject_background,0.0,196,290,279,352
detector:nwpu_positive_489_det008,nwpu_positive_489,basketball_court,,0.48181214928627014,reject_background,0.0,251,292,299,351
detector:nwpu_positive_489_det009,nwpu_positive_489,basketball_court,,0.10226272791624069,reject_background,0.0,196,301,264,353
detector:nwpu_positive_489_det010,nwpu_positive_489,basketball_court,,0.08811388164758682,reject_background,0.0,196,291,263,336
detector:nwpu_positive_489_det011,nwpu_positive_489,basketball_court,,0.06735341250896454,reject_background,0.0,253,311,298,351
detector:nwpu_positive_493_det000,nwpu_positive_493,ground_track_field,ground_track_field,0.946984589099884,accept,0.9059,277,95,647,241
detector:nwpu_positive_493_det001,nwpu_positive_493,tennis_court,tennis_court,0.9050942659378052,accept,0.7619,650,331,682,383
detector:nwpu_positive_493_det002,nwpu_positive_493,tennis_court,tennis_court,0.9030998945236206,accept,0.8564,616,333,651,386
detector:nwpu_positive_493_det003,nwpu_positive_493,tennis_court,tennis_court,0.900775134563446,accept,0.7565,608,264,639,315
detector:nwpu_positive_493_det004,nwpu_positive_493,tennis_court,tennis_court,0.8359168767929077,accept,0.7327,639,261,670,313
detector:nwpu_positive_500_det000,nwpu_positive_500,ship,ship,0.9414127469062805,accept,0.8661,955,85,1031,125
detector:nwpu_positive_500_det001,nwpu_positive_500,ship,ship,0.8946143984794617,accept,0.8988,474,47,557,89
detector:nwpu_positive_500_det002,nwpu_positive_500,ship,ship,0.884916365146637,accept,0.9192,796,227,879,288
detector:nwpu_positive_500_det003,nwpu_positive_500,ship,ship,0.8539097905158997,accept,0.7648,76,100,114,148
detector:nwpu_positive_500_det004,nwpu_positive_500,ship,ship,0.812449038028717,accept,0.7737,546,453,655,522
detector:nwpu_positive_500_det005,nwpu_positive_500,ship,ship,0.8102625608444214,accept,0.8084,212,153,285,194
detector:nwpu_positive_500_det006,nwpu_positive_500,ship,ship,0.7999565005302429,accept,0.8329,392,269,511,328
detector:nwpu_positive_500_det007,nwpu_positive_500,ship,,0.7065957188606262,reject_background,0.0,117,354,172,384
detector:nwpu_positive_500_det008,nwpu_positive_500,ship,,0.6701509356498718,reject_background,0.0,912,28,962,48
detector:nwpu_positive_500_det009,nwpu_positive_500,ship,,0.32238534092903137,reject_background,0.0,804,172,852,188
detector:nwpu_positive_500_det010,nwpu_positive_500,ship,,0.08523714542388916,reject_background,0.0,729,77,749,98
detector:nwpu_positive_503_det000,nwpu_positive_503,ship,ship,0.9758315682411194,accept,0.7605,351,93,389,162
detector:nwpu_positive_503_det001,nwpu_positive_503,ship,ship,0.9717374444007874,accept,0.79,649,152,689,220
detector:nwpu_positive_503_det002,nwpu_positive_503,ship,ship,0.9643402695655823,accept,0.7408,801,55,860,96
detector:nwpu_positive_503_det003,nwpu_positive_503,ship,ship,0.9501522183418274,accept,0.8615,524,24,580,64
detector:nwpu_positive_503_det004,nwpu_positive_503,ship,ship,0.9481162428855896,accept,0.8996,64,445,105,499
detector:nwpu_positive_503_det005,nwpu_positive_503,ship,ship,0.9424828290939331,accept,0.7763,102,276,169,346
detector:nwpu_positive_503_det006,nwpu_positive_503,ship,ship,0.9375958442687988,accept,0.7721,878,89,936,126
detector:nwpu_positive_503_det007,nwpu_positive_503,ship,ship,0.9094983339309692,accept,0.8831,664,242,741,299
detector:nwpu_positive_503_det008,nwpu_positive_503,ship,ship,0.899856686592102,accept,0.8919,850,423,915,494
detector:nwpu_positive_503_det009,nwpu_positive_503,ship,ship,0.8572176694869995,accept,0.748,501,408,587,448
detector:nwpu_positive_503_det010,nwpu_positive_503,ship,ship,0.8217099905014038,accept,0.7303,269,338,316,380
detector:nwpu_positive_503_det011,nwpu_positive_503,ship,,0.8063018321990967,reject_background,0.0,1003,172,1042,224
detector:nwpu_positive_503_det012,nwpu_positive_503,ship,ship,0.5410562753677368,accept,0.7347,999,74,1043,101
detector:nwpu_positive_503_det013,nwpu_positive_503,ship,ship,0.4865190386772156,accept,0.8077,1064,160,1111,181
detector:nwpu_positive_503_det014,nwpu_positive_503,ship,,0.34817856550216675,reject_background,0.0,478,96,499,118
detector:nwpu_positive_503_det015,nwpu_positive_503,ship,,0.14694970846176147,reject_background,0.0,151,371,195,417
detector:nwpu_positive_504_det000,nwpu_positive_504,ship,ship,0.9572878479957581,accept,0.9281,1154,446,1260,483
detector:nwpu_positive_504_det001,nwpu_positive_504,ship,ship,0.934516429901123,accept,0.8168,616,411,695,450
detector:nwpu_positive_504_det002,nwpu_positive_504,ship,ship,0.9172135591506958,accept,0.897,1084,185,1158,213
detector:nwpu_positive_504_det003,nwpu_positive_504,ship,ship,0.9166561961174011,accept,0.7323,140,227,196,257
detector:nwpu_positive_504_det004,nwpu_positive_504,ship,ship,0.9027556777000427,accept,0.91,28,119,79,157
detector:nwpu_positive_504_det005,nwpu_positive_504,ship,ship,0.9020392894744873,accept,0.8183,735,96,828,133
detector:nwpu_positive_504_det006,nwpu_positive_504,ship,ship,0.9001204967498779,accept,0.8263,335,156,397,185
detector:nwpu_positive_504_det007,nwpu_positive_504,ship,ship,0.8892068266868591,accept,0.8019,559,91,645,120
detector:nwpu_positive_504_det008,nwpu_positive_504,ship,ship,0.8830615878105164,accept,0.8195,290,371,370,410
detector:nwpu_positive_504_det009,nwpu_positive_504,ship,ship,0.8770589232444763,accept,0.8291,866,461,950,493
detector:nwpu_positive_504_det010,nwpu_positive_504,ship,ship,0.8158690333366394,accept,0.9266,1008,58,1077,89
detector:nwpu_positive_504_det011,nwpu_positive_504,ship,,0.2699160575866699,reject_background,0.0,508,246,548,264
detector:nwpu_positive_504_det012,nwpu_positive_504,ship,,0.12409127503633499,reject_background,0.0,498,245,548,265
detector:nwpu_positive_504_det013,nwpu_positive_504,ship,ship,0.1076778694987297,accept,0.7077,1155,452,1247,480
detector:nwpu_positive_519_det000,nwpu_positive_519,ship,ship,0.9668456315994263,accept,0.8728,318,328,402,391
detector:nwpu_positive_519_det001,nwpu_positive_519,ship,ship,0.9320446848869324,accept,0.9077,187,211,279,265
detector:nwpu_positive_519_det002,nwpu_positive_519,ship,ship,0.9261177778244019,accept,0.9075,236,35,301,75
detector:nwpu_positive_519_det003,nwpu_positive_519,ship,ship,0.9135952591896057,accept,0.7586,897,42,952,71
detector:nwpu_positive_519_det004,nwpu_positive_519,ship,ship,0.8877778649330139,accept,0.8478,860,214,917,248
detector:nwpu_positive_519_det005,nwpu_positive_519,ship,ship,0.8836256265640259,accept,0.8269,32,147,91,184
detector:nwpu_positive_519_det006,nwpu_positive_519,ship,ship,0.8717818856239319,accept,0.8353,613,19,671,54
detector:nwpu_positive_519_det007,nwpu_positive_519,ship,ship,0.8348034024238586,accept,0.8361,496,141,560,193
detector:nwpu_positive_519_det008,nwpu_positive_519,ship,,0.2669493854045868,reject_background,0.0,499,98,543,120
detector:nwpu_positive_524_det000,nwpu_positive_524,ground_track_field,ground_track_field,0.9595144391059875,accept,0.916,314,147,527,383
detector:nwpu_positive_524_det001,nwpu_positive_524,harbor,,0.08986014127731323,reject_background,0.0,559,480,624,503
detector:nwpu_positive_544_det000,nwpu_positive_544,bridge,bridge,0.860646665096283,accept,0.7674,794,195,908,306
detector:nwpu_positive_544_det001,nwpu_positive_544,bridge,bridge,0.06004008278250694,reject_localisation,0.1172,243,207,310,245
detector:nwpu_positive_549_det000,nwpu_positive_549,baseball_diamond,baseball_diamond,0.9136455059051514,accept,0.8077,142,267,213,321
detector:nwpu_positive_549_det001,nwpu_positive_549,bridge,bridge,0.8695066571235657,accept,0.8378,584,33,715,161
detector:nwpu_positive_549_det002,nwpu_positive_549,bridge,,0.08735384047031403,reject_background,0.0,571,388,665,451
detector:nwpu_positive_549_det003,nwpu_positive_549,basketball_court,,0.06828126311302185,reject_background,0.0,1,0,53,48
detector:nwpu_positive_557_det000,nwpu_positive_557,bridge,bridge,0.7420221567153931,adjust,0.5254,157,310,363,457
detector:nwpu_positive_557_det001,nwpu_positive_557,bridge,bridge,0.6521484851837158,accept,0.8415,817,48,946,230
detector:nwpu_positive_557_det002,nwpu_positive_557,bridge,bridge,0.13248002529144287,adjust,0.4834,160,311,315,440
detector:nwpu_positive_559_det000,nwpu_positive_559,bridge,bridge,0.8576651811599731,adjust,0.5745,51,132,180,224
detector:nwpu_positive_559_det001,nwpu_positive_559,bridge,bridge,0.7438685894012451,accept,0.7723,615,47,696,167
detector:nwpu_positive_559_det002,nwpu_positive_559,bridge,bridge,0.7123512029647827,accept,0.853,950,55,1097,177
detector:nwpu_positive_559_det003,nwpu_positive_559,ship,,0.11242764443159103,reject_background,0.0,329,100,384,120
detector:nwpu_positive_561_det000,nwpu_positive_561,bridge,bridge,0.9280131459236145,adjust,0.6759,451,65,609,131
detector:nwpu_positive_561_det001,nwpu_positive_561,bridge,bridge,0.9153408408164978,accept,0.7322,476,434,644,550
detector:nwpu_positive_563_det000,nwpu_positive_563,airplane,airplane,0.9646502137184143,accept,0.9021,101,379,165,435
detector:nwpu_positive_563_det001,nwpu_positive_563,airplane,airplane,0.957400381565094,accept,0.9067,285,368,340,432
detector:nwpu_positive_563_det002,nwpu_positive_563,airplane,airplane,0.9559998512268066,accept,0.8727,696,175,748,230
detector:nwpu_positive_563_det003,nwpu_positive_563,airplane,airplane,0.95074063539505,accept,0.802,906,300,986,357
detector:nwpu_positive_563_det004,nwpu_positive_563,airplane,airplane,0.9371844530105591,accept,0.849,394,87,445,125
detector:nwpu_positive_563_det005,nwpu_positive_563,airplane,airplane,0.9338081479072571,accept,0.8919,728,342,794,415
detector:nwpu_positive_563_det006,nwpu_positive_563,airplane,airplane,0.932212233543396,accept,0.928,599,24,662,69
detector:nwpu_positive_563_det007,nwpu_positive_563,airplane,airplane,0.9304884076118469,accept,0.8748,935,235,999,286
detector:nwpu_positive_563_det008,nwpu_positive_563,airplane,airplane,0.9280135631561279,accept,0.9245,190,382,253,445
detector:nwpu_positive_563_det009,nwpu_positive_563,airplane,airplane,0.8997087478637695,accept,0.8982,88,517,156,575
detector:nwpu_positive_563_det010,nwpu_positive_563,airplane,airplane,0.897572934627533,adjust,0.6381,797,161,877,221
detector:nwpu_positive_563_det011,nwpu_positive_563,airplane,airplane,0.8970749378204346,accept,0.887,586,141,652,192
detector:nwpu_positive_563_det012,nwpu_positive_563,airplane,airplane,0.8813516497612,accept,0.86,275,174,339,230
detector:nwpu_positive_563_det013,nwpu_positive_563,airplane,airplane,0.7698558568954468,accept,0.774,195,224,255,277
detector:nwpu_positive_566_det000,nwpu_positive_566,ground_track_field,ground_track_field,0.9462985396385193,accept,0.9221,269,50,478,298
detector:nwpu_positive_566_det001,nwpu_positive_566,baseball_diamond,baseball_diamond,0.9184600710868835,accept,0.8462,634,157,728,236
detector:nwpu_positive_566_det002,nwpu_positive_566,baseball_diamond,,0.38447174429893494,reject_background,0.0,767,131,845,276
detector:nwpu_positive_566_det003,nwpu_positive_566,ground_track_field,,0.08374515920877457,reject_background,0.0,768,101,845,298
detector:nwpu_positive_575_det000,nwpu_positive_575,ground_track_field,ground_track_field,0.9745630621910095,accept,0.8795,335,39,586,298
detector:nwpu_positive_575_det001,nwpu_positive_575,baseball_diamond,baseball_diamond,0.937488317489624,accept,0.9262,234,173,309,235
detector:nwpu_positive_575_det002,nwpu_positive_575,baseball_diamond,baseball_diamond,0.8981906175613403,accept,0.9633,265,377,388,480
detector:nwpu_positive_580_det000,nwpu_positive_580,baseball_diamond,baseball_diamond,0.8828570246696472,accept,0.962,411,263,494,339
detector:nwpu_positive_580_det001,nwpu_positive_580,baseball_diamond,baseball_diamond,0.8812439441680908,accept,0.9495,124,265,256,401
detector:nwpu_positive_580_det002,nwpu_positive_580,baseball_diamond,baseball_diamond,0.877752959728241,accept,0.8699,469,103,550,167
detector:nwpu_positive_580_det003,nwpu_positive_580,baseball_diamond,baseball_diamond,0.8266642093658447,accept,0.9168,600,37,675,100
detector:nwpu_positive_580_det004,nwpu_positive_580,baseball_diamond,baseball_diamond,0.6332782506942749,accept,0.8466,743,120,810,189
detector:nwpu_positive_580_det005,nwpu_positive_580,harbor,,0.13456308841705322,reject_background,0.0,600,430,649,483
detector:nwpu_positive_584_det000,nwpu_positive_584,baseball_diamond,baseball_diamond,0.9582393169403076,accept,0.9593,209,200,286,263
detector:nwpu_positive_584_det001,nwpu_positive_584,baseball_diamond,baseball_diamond,0.9400435090065002,accept,0.931,59,349,116,398
detector:nwpu_positive_584_det002,nwpu_positive_584,baseball_diamond,baseball_diamond,0.9383788704872131,accept,0.8745,653,39,732,96
detector:nwpu_positive_584_det003,nwpu_positive_584,baseball_diamond,baseball_diamond,0.9313138127326965,accept,0.8439,396,240,449,284
detector:nwpu_positive_584_det004,nwpu_positive_584,baseball_diamond,baseball_diamond,0.7138311266899109,accept,0.8247,729,128,788,175
detector:nwpu_positive_584_det005,nwpu_positive_584,baseball_diamond,,0.24310243129730225,reject_background,0.0,0,306,9,352
detector:nwpu_positive_584_det006,nwpu_positive_584,baseball_diamond,,0.06608902662992477,reject_background,0.0,0,302,14,359
detector:nwpu_positive_589_det000,nwpu_positive_589,baseball_diamond,baseball_diamond,0.9460554122924805,accept,0.9215,233,184,297,243
detector:nwpu_positive_589_det001,nwpu_positive_589,baseball_diamond,baseball_diamond,0.9300007820129395,accept,0.9446,509,31,587,93
detector:nwpu_positive_589_det002,nwpu_positive_589,baseball_diamond,baseball_diamond,0.9260535836219788,accept,0.9444,934,278,1012,347
detector:nwpu_positive_589_det003,nwpu_positive_589,baseball_diamond,baseball_diamond,0.9237257242202759,accept,0.9609,112,366,216,461
detector:nwpu_positive_589_det004,nwpu_positive_589,tennis_court,tennis_court,0.92270427942276,accept,0.8192,751,247,816,277
detector:nwpu_positive_589_det005,nwpu_positive_589,ground_track_field,ground_track_field,0.9212925434112549,accept,0.9292,353,169,739,329
detector:nwpu_positive_589_det006,nwpu_positive_589,tennis_court,tennis_court,0.921220064163208,accept,0.9365,761,271,824,301
detector:nwpu_positive_589_det007,nwpu_positive_589,baseball_diamond,baseball_diamond,0.9170449376106262,accept,0.9767,676,13,773,88
detector:nwpu_positive_589_det008,nwpu_positive_589,tennis_court,tennis_court,0.8527376651763916,accept,0.7592,737,195,801,229
detector:nwpu_positive_589_det009,nwpu_positive_589,tennis_court,tennis_court,0.8333367705345154,accept,0.8147,744,223,808,252
detector:nwpu_positive_589_det010,nwpu_positive_589,baseball_diamond,,0.31198850274086,reject_background,0.0,347,63,406,109
detector:nwpu_positive_589_det011,nwpu_positive_589,tennis_court,tennis_court,0.1266465038061142,adjust,0.4176,757,255,820,291
detector:nwpu_positive_589_det012,nwpu_positive_589,tennis_court,tennis_court,0.061718929558992386,adjust,0.5058,739,193,810,239
detector:nwpu_positive_593_det000,nwpu_positive_593,tennis_court,tennis_court,0.9426892399787903,accept,0.8616,427,185,514,267
detector:nwpu_positive_593_det001,nwpu_positive_593,tennis_court,tennis_court,0.9355221390724182,accept,0.8513,381,209,466,290
detector:nwpu_positive_593_det002,nwpu_positive_593,basketball_court,basketball_court,0.9332754015922546,accept,0.8778,438,322,552,433
detector:nwpu_positive_593_det003,nwpu_positive_593,baseball_diamond,baseball_diamond,0.899629533290863,accept,0.8419,808,278,925,379
detector:nwpu_positive_593_det004,nwpu_positive_593,basketball_court,basketball_court,0.8953649401664734,accept,0.9205,507,287,618,390
detector:nwpu_positive_593_det005,nwpu_positive_593,baseball_diamond,,0.09023123234510422,reject_background,0.0,801,421,881,486
detector:nwpu_positive_601_det000,nwpu_positive_601,ground_track_field,ground_track_field,0.9464297294616699,accept,0.9609,208,110,426,383
detector:nwpu_positive_607_det000,nwpu_positive_607,basketball_court,basketball_court,0.966850757598877,accept,0.8209,647,271,695,338
detector:nwpu_positive_607_det001,nwpu_positive_607,tennis_court,tennis_court,0.9358542561531067,accept,0.7581,334,229,376,292
detector:nwpu_positive_607_det002,nwpu_positive_607,tennis_court,tennis_court,0.9191523194313049,accept,0.7694,372,232,416,293
detector:nwpu_positive_607_det003,nwpu_positive_607,tennis_court,tennis_court,0.9186792373657227,accept,0.7888,349,151,392,211
detector:nwpu_positive_607_det004,nwpu_positive_607,tennis_court,tennis_court,0.908767580986023,accept,0.8252,311,149,352,209
detector:nwpu_positive_607_det005,nwpu_positive_607,tennis_court,tennis_court,0.905808687210083,accept,0.8733,295,227,336,289
detector:nwpu_positive_607_det006,nwpu_positive_607,tennis_court,tennis_court,0.8962384462356567,accept,0.9203,605,260,643,325
detector:nwpu_positive_607_det007,nwpu_positive_607,tennis_court,tennis_court,0.8289982676506042,accept,0.7917,388,152,429,213
detector:nwpu_positive_607_det008,nwpu_positive_607,tennis_court,tennis_court,0.732921302318573,accept,0.8936,569,257,607,324
detector:nwpu_positive_610_det000,nwpu_positive_610,basketball_court,basketball_court,0.9025486707687378,accept,0.9042,297,193,416,283
detector:nwpu_positive_610_det001,nwpu_positive_610,tennis_court,tennis_court,0.9015451669692993,accept,0.8588,390,127,490,202
detector:nwpu_positive_610_det002,nwpu_positive_610,ship,,0.07327745109796524,reject_background,0.0,774,464,794,497
detector:nwpu_positive_615_det000,nwpu_positive_615,tennis_court,tennis_court,0.9546937942504883,accept,0.9072,223,262,266,337
detector:nwpu_positive_615_det001,nwpu_positive_615,baseball_diamond,baseball_diamond,0.9369844198226929,accept,0.9471,691,143,808,245
detector:nwpu_positive_615_det002,nwpu_positive_615,tennis_court,tennis_court,0.9207073450088501,accept,0.8377,269,264,312,339
detector:nwpu_positive_615_det003,nwpu_positive_615,tennis_court,tennis_court,0.8999457955360413,accept,0.8851,314,264,360,342
detector:nwpu_positive_615_det004,nwpu_positive_615,basketball_court,basketball_court,0.8441692590713501,accept,0.9663,163,254,226,343
detector:nwpu_positive_620_det000,nwpu_positive_620,ground_track_field,ground_track_field,0.9551308751106262,accept,0.9663,320,110,591,420
detector:nwpu_positive_627_det000,nwpu_positive_627,ground_track_field,ground_track_field,0.9658981561660767,accept,0.9662,168,84,509,319
detector:nwpu_positive_633_det000,nwpu_positive_633,ground_track_field,ground_track_field,0.9389094710350037,accept,0.9637,235,73,381,368
detector:nwpu_positive_633_det001,nwpu_positive_633,baseball_diamond,baseball_diamond,0.9189831018447876,accept,0.9343,405,307,495,392
detector:nwpu_positive_633_det002,nwpu_positive_633,baseball_diamond,baseball_diamond,0.9131158590316772,accept,0.7955,263,381,319,441
detector:nwpu_positive_633_det003,nwpu_positive_633,tennis_court,,0.20890094339847565,reject_background,0.0,154,474,184,524
detector:nwpu_positive_633_det004,nwpu_positive_633,tennis_court,,0.05722249299287796,reject_background,0.0,181,474,207,522
detector:nwpu_positive_639_det000,nwpu_positive_639,ground_track_field,ground_track_field,0.9471466541290283,accept,0.9512,288,30,550,292
detector:nwpu_positive_639_det001,nwpu_positive_639,baseball_diamond,baseball_diamond,0.9339451789855957,accept,0.9132,453,319,552,413
detector:nwpu_positive_648_det000,nwpu_positive_648,ground_track_field,ground_track_field,0.9527134895324707,accept,0.907,255,83,417,376
detector:nwpu_positive_648_det001,nwpu_positive_648,baseball_diamond,baseball_diamond,0.9111961126327515,accept,0.9042,458,165,549,238
detector:nwpu_positive_648_det002,nwpu_positive_648,baseball_diamond,baseball_diamond,0.8224560618400574,accept,0.831,400,22,474,77
detector:nwpu_positive_648_det003,nwpu_positive_648,baseball_diamond,baseball_diamond,0.1547463834285736,accept,0.9167,635,421,711,489
detector:nwpu_positive_648_det004,nwpu_positive_648,ship,,0.07097179442644119,reject_background,0.0,705,5,757,22
